SUPPLIER,CODE,ASSORTED,PARENT CODE,NAME,BARCODE,LOCATION CODE,PRICE,WEIGHT,TAXRATE,TAXABLE,UOM,BRAND,UOM2,UNIT CONVERSION,APP_SELLING_UNIT,CATEGORY,GROUP,DESCRIPTION,LAST_PRICE,REORDER_LEVEL,REORDER_QTY,SALES_AC,PURCHASE_AC
,,,,,,,,,,,,,,,,,,,,,,,
S001,AIROM0001,,,Airoma Air Freshener Citrus Dazzle 300ml,6161103015804,,,,16,TAXABLE,CASE,Airoma,PCS,12,,,,,,,,,
S001,AIROM0002,,,Airoma Air Freshener Lavendar Dreams 300ml,6161103015811,,,,16,TAXABLE,CASE,Airoma,PCS,12,,,,,,,,,
S001,AIROM0003,,,Airoma Air Freshener Cotton Breeze 300ml,6161103015842,,,,16,TAXABLE,CASE,Airoma,PCS,12,,,,,,,,,
S001,AIROM0004,,,Airoma Air Freshener Pomegranate & Mulberry 300ml,6161103015835,,,,16,TAXABLE,CASE,Airoma,PCS,12,,,,,,,,,
S001,ALKBT0001,,,Alkaline Batteries SIZE AA-,5000394126091,,,,16,TAXABLE,PIECE,Duracell,PCS,1,,,,,,,,,
S001,ALKBT0002,,,Alkaline Batteries SIZE C,5000394127531,,,,16,TAXABLE,PIECE,Duracell,PCS,1,,,,,,,,,
S001,ALKBT0003,,,Alkaline Batteries SIZE D,5000394127562,,,,16,TAXABLE,PIECE,Duracell,PCS,1,,,,,,,,,
S001,ALKBT0006,,,FOL - Alkaline Batteries SIZE AA-,5000394126091,,,,16,TAXABLE,PIECE,Duracell,PCS,1,,,,,,,,,
S001,ALKBT0007,,,FOL - Alkaline Batteries SIZE C,5000394127531,,,,16,TAXABLE,PIECE,Duracell,PCS,1,,,,,,,,,
S001,APTML0001,,,Aptamil Infant 400g,5900852061509,,,,16,TAXABLE,CAN,Aptamil,CAN,1,,,,,,,,,
S001,APTML0002,,,Aptamil Follow Up 400g,5900852061516,,,,16,TAXABLE,CAN,Aptamil,CAN,1,,,,,,,,,
S001,APTML0003,,,Aptamil Growing Up 400g,5900852061523,,,,16,TAXABLE,CAN,Aptamil,CAN,1,,,,,,,,,
S001,APTML0004,,,Aptamil Infant 800g,5391522476332,,,,16,TAXABLE,CAN,Aptamil,CAN,1,,,,,,,,,
S001,APTML0005,,,Aptamil Follow Up 800g,5391522476349,,,,16,TAXABLE,CAN,Aptamil,CAN,1,,,,,,,,,
S001,APTML0006,,,Aptamil Growing Up 800g,5391522476356,,,,16,TAXABLE,CAN,Aptamil,CAN,1,,,,,,,,,
S001,APTML0008,,,Aptamil Pre Nutriprem 400g,8718117610051,,,,16,TAXABLE,CAN,Aptamil,CAN,1,,,,,,,,,
S001,BIOGE0001,,,Bio-Oil - Dry Skin Gel 50ml (shrunk in 4's),6001159121046,,,,16,TAXABLE,PIECE,Bio Oil,PCS,1,,,,,,,,,
S001,BIOGE0002,,,Bio-Oil - Dry Skin Gel 100ml (shrunk in 4's),6001159121053,,,,16,TAXABLE,PIECE,Bio Oil,PCS,1,,,,,,,,,
S001,BIOGE0003,,,Bio-Oil - Dry Skin Gel 200ml (shrunk in 4's),6001159121060,,,,16,TAXABLE,PIECE,Bio Oil,PCS,1,,,,,,,,,
S001,BIOLT0001,,,Bio-Oil Lotion 175ml,6001159130017,,,,16,TAXABLE,PIECE,Bio Oil,PCS,1,,,,,,,,,
S001,BIOLT0002,,,Bio-Oil Lotion 250ml,6001159130024,,,,16,TAXABLE,PIECE,Bio Oil,PCS,1,,,,,,,,,
S001,BIOOL0001,,,Bio-Oil Skincare oil 25ml,6001159116790,,,,16,TAXABLE,PIECE,Bio Oil,PCS,1,,,,,,,,,
S001,BIOOL0002,,,Bio-Oil Skincare oil 60ml,6001159111641,,,,16,TAXABLE,PIECE,Bio Oil,PCS,1,,,,,,,,,
S001,BIOOL0003,,,Bio-Oil Skincare oil 125ml,6001159111658,,,,16,TAXABLE,PIECE,Bio Oil,PCS,1,,,,,,,,,
S001,BIOOL0005,,,Bio-Oil Skincare Natural 25ml,6001159125785,,,,16,TAXABLE,PIECE,Bio Oil,PCS,1,,,,,,,,,
S001,BIOOL0006,,,Bio-Oil Skincare Natural 60ml,6001159125792,,,,16,TAXABLE,PIECE,Bio Oil,PCS,1,,,,,,,,,
S001,BIOOL0007,,,Bio-Oil Skincare Natural 125ml,6001159125808,,,,16,TAXABLE,PIECE,Bio Oil,PCS,1,,,,,,,,,
S001,BIOOL0008,,,Bio-Oil Skincare Natural 200ml,6001159125815,,,,16,TAXABLE,PIECE,Bio Oil,PCS,1,,,,,,,,,
S001,COSSE0003,,,Cosy Servt. 1 Ply 60x100 shts White,6161101890151,,,,16,TAXABLE,CASE,Cosy,PCS,60,,,,,,,,,
S001,COSSE0004,,,Cosy Servt. 1 Ply 60x110 shts White,6161101890151,,,,16,TAXABLE,CASE,Cosy,PCS,60,,,,,,,,,
S001,COSSE0011,,,Cosy Servt. 1ply 18 x 110 shts White,6161101890151,,,,16,TAXABLE,CASE,Cosy,PCS,18,,,,,,,,,
S001,COSSE0012,,,Cosy Servt. 1ply 18 x 100 shts White,6161101890151,,,,16,TAXABLE,CASE,Cosy,PCS,18,,,,,,,,,
S001,COSTP0004,,,Cosy TP Emb. Wrap. 40s Singles White,6161101890083,,,,16,TAXABLE,CASE,Cosy,PCS,40,,,,,,,,,
S001,COSTP0005,,,Cosy TP Emb. Unwrap. 6x8s White,6161101890090,,,,16,TAXABLE,CASE,Cosy,PCS,6,,,,,,,,,
S001,COSTP0006,,,Cosy TP Emb. Unwrap. 4x10s White,6161101892025,,,,16,TAXABLE,CASE,Cosy,PCS,6,,,,,,,,,
S001,COSTP0007,,,Cosy TP Emb. Wrap. 40s Singles Prof,6161101890083,,,,16,TAXABLE,CASE,Cosy,PCS,40,,,,,,,,,
S001,COSTP0008,,,Cosy TP Emb. Unwrap.TwinPack 20x2s White,6161101890366,,,,16,TAXABLE,CASE,Cosy,PCS,20,,,,,,,,,
S001,COSTP0009,,,Cosy TP Emb. Unwrap. 12x4s White,6161101891103,,,,16,TAXABLE,CASE,Cosy,PCS,12,,,,,,,,,
S001,COSTP0010,,,Cosy TP Unemb. Wrap. 40s Singles White,6161101890083,,,,16,TAXABLE,CASE,Cosy,PCS,40,,,,,,,,,
S001,COSTP0011,,,Cosy TP Emb. Wrap 4x10s White,6161101890274,,,,16,TAXABLE,CASE,Cosy,PCS,4,,,,,,,,,
S001,COSTP0012,,,Cosy TP Emb Unwrap 4x10s+2 White Promo,6161101890274,,,,16,TAXABLE,CASE,Cosy,PCS,4,,,,,,,,,
S001,COSTP0023,,,Cosy Poa TP Emb. Wrap. 4x10s White 150 Sheets,6161101891103,,,,16,TAXABLE,CASE,Cosy Poa,PCS,4,,,,,,,,,
S001,COSTP0024,,,Cosy Poa TP Emb. Wrap. 4x10s Pink 150 Sheets,6161101892063,,,,16,TAXABLE,CASE,Cosy Poa,PCS,4,,,,,,,,,
S001,COSTP0026,,,Cosy TP Decaroll White Consumer,6161101892513,,,,16,TAXABLE,CASE,Cosy,PCS,12,,,,,,,,,
S001,COWGT0001,,,Cow & Gate First 400g,5900852034138,,,,16,TAXABLE,CAN,Cow & Gate,CAN,1,,,,,,,,,
S001,COWGT0002,,,Cow & Gate Follow Up 400g,5900852034152,,,,16,TAXABLE,CAN,Cow & Gate,CAN,1,,,,,,,,,
S001,COWGT0003,,,Cow & Gate Growing Up 400g,5900852034145,,,,16,TAXABLE,CAN,Cow & Gate,CAN,1,,,,,,,,,
S001,COWGT0004,,,Cow & Gate Infant 900g,5900852054433,,,,16,TAXABLE,CAN,Cow & Gate,CAN,1,,,,,,,,,
S001,COWGT0005,,,Cow & Gate Follow Up 900g,5900852054440,,,,16,TAXABLE,CAN,Cow & Gate,CAN,1,,,,,,,,,
S001,COWGT0006,,,Cow & Gate Growing Up 900g,5900852054457,,,,16,TAXABLE,CAN,Cow & Gate,CAN,1,,,,,,,,,
S001,DABAM0012,,,Dabur Amla Hair Oil 90Ml (Singles),6291069653014,,,,16,TAXABLE,PIECE,Dabur,PCS,1,,,,,,,,,
S001,DABAM0013,,,Dabur Amla Hair Oil 180Ml (Singles),6291069653021,,,,16,TAXABLE,PIECE,Dabur,PCS,1,,,,,,,,,
S001,DABAM0014,,,Dabur Amla Hair Oil 270Ml (Singles),6291069653038,,,,16,TAXABLE,PIECE,Dabur,PCS,1,,,,,,,,,
S001,DABAM0015,,,Dabur Amla Gold Hair Oil 90Ml (Singles),6291069001105,,,,16,TAXABLE,PIECE,Dabur,PCS,1,,,,,,,,,
S001,DABAM0016,,,Dabur Amla Gold Hair Oil 180Ml (Singles),6291069007107,,,,16,TAXABLE,PIECE,Dabur,PCS,1,,,,,,,,,
S001,DABAM0017,,,Dabur Amla Gold Hair Oil 270Ml (Singles),6291069007206,,,,16,TAXABLE,PIECE,Dabur,PCS,1,,,,,,,,,
S001,DABAM0018,,,Dabur Amla Kids Hair Oil 90Ml (Singles),6224007940259,,,,16,TAXABLE,PIECE,Dabur,PCS,1,,,,,,,,,
S001,DABAM0019,,,Dabur Amla Shampoo Keratin 360Ml (Singles),6224007939017,,,,16,TAXABLE,PIECE,Dabur,PCS,1,,,,,,,,,
S001,DABAM0020,,,Dabur Amla Kids Detangler 200Ml (Singles),6224007940976,,,,16,TAXABLE,PIECE,Dabur,PCS,1,,,,,,,,,
S001,DABAM0021,,,Dabur Amla Shampoo Fish Oil 400Ml (Singles),6291069701395,,,,16,TAXABLE,PIECE,Dabur,PCS,1,,,,,,,,,
S001,DABHB0019,,,Dabur Red Toothpaste EG 100g (12 Pack),6224007940617,,,,16,TAXABLE,12PACK,Dabur,PACK,12,,,,,,,,,
S001,DABHB0021,,,Dabur Herbal Toothpaste - Clove - Cavity Protection 140gm (Singles),5022496181501,,,,16,TAXABLE,PIECE,Dabur,PCS,1,,,,,,,,,
S001,DABHB0022,,,Dabur Herbal Toothpaste - Clove - Cavity Protection 140Gm+140gm - Super Value Pack (Singles),6224007940747,,,,16,TAXABLE,PIECE,Dabur,PCS,1,,,,,,,,,
S001,DABHB0023,,,Dabur Herbal Toothpaste- Fresh Gel - Mint & Lemon 50Gm+25gm (Singles),6291069738711,,,,16,TAXABLE,PIECE,Dabur,PCS,1,,,,,,,,,
S001,DABHB0024,,,Dabur Herbal Toothpaste- Fresh Gel - Mint & Lemon 140gm (Singles),5022496181211,,,,16,TAXABLE,PIECE,Dabur,PCS,1,,,,,,,,,
S001,DABHB0025,,,Dabur Herbal Toothpaste - Neem - Gum Care 140Gm (Singles),6291069700282,,,,16,TAXABLE,PIECE,Dabur,PCS,1,,,,,,,,,
S001,DABHB0026,,,Dabur Herbal Toothpaste - Basil - Oral Protection 140Gm (Singles),6291069700299,,,,16,TAXABLE,PIECE,Dabur,PCS,1,,,,,,,,,
S001,DABHB0027,,,Dabur Herbal Toothpaste- Fresh Gel - Mint & Lemon 150Gm+150Gm - Super Value Pack (Singles),6224007940730,,,,16,TAXABLE,PIECE,Dabur,PCS,1,,,,,,,,,
S001,DABHB0028,,,Dabur Herbal Toothpaste Sensitive 150Gm (Singles),6291069711721,,,,16,TAXABLE,PIECE,Dabur,PCS,1,,,,,,,,,
S001,DABHB0029,,,Dabur Herbal Toothpaste Smokers 150Gm (Singles),6291069712698,,,,16,TAXABLE,PIECE,Dabur,PCS,1,,,,,,,,,
S001,DABHB0030,,,Dabur Herbal Toothpaste Activated Charcoal 150Gm (Singles),6291069744095,,,,16,TAXABLE,PIECE,Dabur,PCS,1,,,,,,,,,
S001,DABHB0032,,,Dabur Herbal Toothpaste - Clove - Cavity Protection 50Gm+25Gm (Singles),6291069734966,,,,16,TAXABLE,PIECE,Dabur,PCS,1,,,,,,,,,
S001,DABHB0033,,,Dabur Herbal Toothpaste- Whitening 140Gm (Singles),5022496181174,,,,16,TAXABLE,PIECE,Dabur,PCS,1,,,,,,,,,
S001,DABHB0034,,,Dabur Herbal Toothpaste - Clove - Cavity Protection 30gm (Singles),6223012450913,,,,16,TAXABLE,PIECE,Dabur,PCS,1,,,,,,,,,
S001,DABHB0036,,,Dabur Red Toothpaste EG 100g (Singles),6224007940617,,,,16,TAXABLE,PIECE,Dabur,PCS,1,,,,,,,,,
S001,DABHB0039,,,Dabur Herbal Toothpaste - Clove - Cavity Protection 140Gm+140gm - Super Value Pack (6 Pack),6224007940747,,,,16,TAXABLE,6PACK,Dabur,PACKS,6,,,,,,,,,
S001,DABHB0040,,,Dabur Herbal Toothpaste -Whitening 50Gm+25Gm,6291069738735,,,,16,TAXABLE,PIECE,Dabur,PCS,1,,,,,,,,,
S001,DERMO0001,,,Dermoviva Face Wash Green Tea 150Ml,6291069710076,,,,16,TAXABLE,6PACK,Dermoviva,PACKS,6,,,,,,,,,
S001,DERMO0002,,,Dermoviva Face Wash Avocado 6X150Ml,6291069710069,,,,16,TAXABLE,6PACK,Dermoviva,PACKS,6,,,,,,,,,
S001,DERMO0003,,,Dermoviva Face Scrub Pomegranate 150Ml,6291069710144,,,,16,TAXABLE,PIECE,Dermoviva,PCS,1,,,,,,,,,
S001,DERMO0004,,,Dermoviva Face Scrub Avocado 150Ml,6291069710120,,,,16,TAXABLE,PIECE,Dermoviva,PCS,1,,,,,,,,,
S001,DERMO0005,,,Dermoviva Face Wash Pomegranate 150Ml,6291069723489,,,,16,TAXABLE,PIECE,Dermoviva,PCS,1,,,,,,,,,
S001,DERMO0006,,,Dermoviva Face Wash Moisture Plus Almond Alo Honey 150Ml,6224007939635,,,,16,TAXABLE,PIECE,Dermoviva,PCS,1,,,,,,,,,
S001,DERMO0007,,,Dermoviva Face Wash Green Tea 150Ml,6291069710076,,,,16,TAXABLE,PIECE,Dermoviva,PCS,1,,,,,,,,,
S001,DERMO0008,,,Dermoviva Face Wash Avocado 150Ml,6291069710069,,,,16,TAXABLE,PIECE,Dermoviva,PCS,1,,,,,,,,,
S001,DERMO0009,,,Dermoviva Face Wash Oil Control 150ml +35ml,6224007939628,,,,16,TAXABLE,PIECE,Dermoviva,PCS,1,,,,,,,,,
S001,DOVBB0013,,,Baby Dove Htt Bw Rich Moisture 1X200Ml,8710908657122,,,,16,TAXABLE,PIECE,Dove,PCS,1,,,,,,,,,
S001,DOVBB0020,,,Baby Dove HTT Wash Fragrance Free 1X200Ml,8710908657399,,,,16,TAXABLE,PIECE,Dove,PCS,1,,,,,,,,,
S001,DOVBB0021,,,Baby Dove HTT Wash Rich Moisture 1X200Ml,8710908657122,,,,16,TAXABLE,PIECE,Dove,PCS,1,,,,,,,,,
S001,DOVBB0022,,,Baby Dove HTT Wash Rich Moisture 1X400Ml,8710908657467,,,,16,TAXABLE,PIECE,Dove,PCS,1,,,,,,,,,
S001,DOVBB0023,,,Baby Dove Derma Care Moisturising Wash 1X400Ml,8710847952876,,,,16,TAXABLE,PIECE,Dove,PCS,1,,,,,,,,,
S001,DOVBB0024,,,Baby Dove Lotion Rich Moisture 1X200Ml,8710908658075,,,,16,TAXABLE,PIECE,Dove,PCS,1,,,,,,,,,
S001,DOVBB0025,,,Baby Dove Lotion Fragrance Free 1X200Ml,8710908658006,,,,16,TAXABLE,PIECE,Dove,PCS,1,,,,,,,,,
S001,DOVBB0026,,,Baby Dove Night Time Lotion Calming Moisture 1X400Ml,8717163858219,,,,16,TAXABLE,PIECE,Dove,PCS,1,,,,,,,,,
S001,DOVBB0027,,,Baby Dove Rich Moisture bar soap 1X75g,8901030870699,,,,16,TAXABLE,PIECE,Dove,PCS,1,,,,,,,,,
S001,DOVBB0028,,,Baby Dove HTT Wash Fragrance Free 1X400Ml,8710908657535,,,,16,TAXABLE,PIECE,Dove,PCS,1,,,,,,,,,
S001,DOVBP0001,,,Dove Body Polish Pomegranate Seeds & Shea Butter 298g,11111002029,,,,16,TAXABLE,PIECE,Dove,PCS,1,,,,,,,,,
S001,DOVBP0002,,,Dove Body Polish Crushed Macadamia & Rice Milk 298g,11111002005,,,,16,TAXABLE,PIECE,Dove,PCS,1,,,,,,,,,
S001,DOVBP0003,,,Dove Body Polish Colloidal Oatmeal & Calendula Oil 298g,11111022676,,,,16,TAXABLE,PIECE,Dove,PCS,1,,,,,,,,,
S001,DOVBP0004,,,Dove Body Polish Crushed Almond & Mango Butter 298g,11111016958,,,,16,TAXABLE,PIECE,Dove,PCS,1,,,,,,,,,
S001,DOVBP0005,,,Dove Body Polish Brown Sugar & Coconut Butter 298g,11111022690,,,,16,TAXABLE,PIECE,Dove,PCS,1,,,,,,,,,
S001,DOVBP0006,,,Dove Body Polish Crushed Lavender & Coconut Milk 298g,11111010963,,,,16,TAXABLE,PIECE,Dove,PCS,1,,,,,,,,,
S001,DOVBS0005,,,Dove Bar Soap Sensitive Skin Hypoallergenic 6X90g,8720182263131,,,,16,TAXABLE,6PACK,Dove,PACKS,6,,,,,,,,,
S001,DOVBS0039,,,Dove Bar Soap Pink 4X90G (Value Pack),8710908565250,,,,16,TAXABLE,4PACK,Dove,PACKS,4,,,,,,,,,
S001,DOVBS0040,,,Dove Beauty Cream Bar Pomegranate & Hibiscus Tea (Rejuvenating) 4X90G (Value Pack),8710522434246,,,,16,TAXABLE,4PACK,Dove,PACKS,4,,,,,,,,,
S001,DOVBS0041,,,Dove Beauty Cream Bar Deep Moisture 4X90G (Value Pack),7501056370947,,,,16,TAXABLE,4PACK,Dove,PACKS,4,,,,,,,,,
S001,DOVBS0042,,,Dove Beauty Cream Bar Fig and Orange Blossom (Restoring) 4X90G (Value Pack),8712561094399,,,,16,TAXABLE,4PACK,Dove,PACKS,4,,,,,,,,,
S001,DOVBS0044,,,Dove Men Care Clean Comfort 1X100g,8886467036347,,,,16,TAXABLE,PIECE,Dove,PCS,1,,,,,,,,,
S001,DOVBS0045,,,Dove Beauty Cream Bar Shea Butter & Warm Vanilla (Pampering) 4X90G,7506306308367,,,,16,TAXABLE,4PACK,Dove,PACKS,4,,,,,,,,,
S001,DOVBS0046,,,Dove Bar Soap Sensitive Skin Hypoallergenic 1X90g,8720182263131,,,,16,TAXABLE,PIECE,Dove,PCS,1,,,,,,,,,
S001,DOVBS0047,,,Dove Bar Cucumber & Green Tea (Refreshing) 1X90G,8712561538077,,,,16,TAXABLE,PIECE,Dove,PCS,1,,,,,,,,,
S001,DOVBS0048,,,Dove Beauty Cream Bar Shea Butter & Warm Vanilla (Pampering) 1X90G,8711600804357,,,,16,TAXABLE,PIECE,Dove,PCS,1,,,,,,,,,
S001,DOVBS0050,,,Dove Beauty Cream Bar Gentle Exfoliating 1X90G,8717163607268,,,,16,TAXABLE,PIECE,Dove,PCS,1,,,,,,,,,
S001,DOVBS0051,,,Dove Beauty Cream Bar Deep Moisture 1X135G,67238891190,,,,16,TAXABLE,PIECE,Dove,PCS,1,,,,,,,,,
S001,DOVBS0052,,,Dove Beauty Cream Bar Shea Butter & Warm Vanilla (Pampering) 1X135G,7506306230507,,,,16,TAXABLE,PIECE,Dove,PCS,1,,,,,,,,,
S001,DOVBS0053,,,Dove Bar Soap Pink 1X135G,7501056349288,,,,16,TAXABLE,PIECE,Dove,PCS,1,,,,,,,,,
S001,DOVBS0054,,,Dove Bar Cucumber & Green Tea (Refreshing) 1X135G,8717163989876,,,,16,TAXABLE,PIECE,Dove,PCS,1,,,,,,,,,
S001,DOVBS0055,,,Dove Beauty Cream Bar Coconut Milk & Jasmine Petals (Relaxing) 1X135G,8712561306577,,,,16,TAXABLE,PIECE,Dove,PCS,1,,,,,,,,,
S001,DOVBS0056,,,Dove Beauty Cream Bar Fig and Orange Blossom (Restoring) 1X135g,8711700966610,,,,16,TAXABLE,PIECE,Dove,PCS,1,,,,,,,,,
S001,DOVBS0057,,,Dove Beauty Cream Bar Moroccan Argan Oil (Nourishing) 1X135g,8714100476291,,,,16,TAXABLE,PIECE,Dove,PCS,1,,,,,,,,,
S001,DOVBS0058,,,Dove Beauty Cream Bar Gentle Exfoliating 1X135g,7501056371159,,,,16,TAXABLE,PIECE,Dove,PCS,1,,,,,,,,,
S001,DOVBS0059,,,Dove Beauty Cream Bar Deep Moisture 1X90G,8000700000005,,,,16,TAXABLE,PIECE,Dove,PCS,1,,,,,,,,,
S001,DOVBS0062,,,Dove Bar Soap Pink 1X90G,8710447289327,,,,16,TAXABLE,PIECE,Dove,PCS,1,,,,,,,,,
S001,DOVBS0063,,,Dove Beauty Cream Bar Shea Butter (Purely Pampering) 1X135G,7506306230507,,,,16,TAXABLE,PIECE,Dove,PCS,1,,,,,,,,,
S001,DOVBS0067,,,Dove Beauty Cream Bar Deep Moisture 1X135G,67238891190,,,,16,TAXABLE,PIECE,Dove,PCS,1,,,,,,,,,
S001,DOVBS0068,,,Dove Beauty Cream Bar Shea Butter & Warm Vanilla (Pampering) 1X135G,7506306230507,,,,16,TAXABLE,PIECE,Dove,PCS,1,,,,,,,,,
S001,DOVBS0069,,,Dove Bar Soap Pink 1X135G,7501056349288,,,,16,TAXABLE,PIECE,Dove,PCS,1,,,,,,,,,
S001,DOVBS0075,,,Dove Beauty Cream Bar Pink 1X100g,67238891183,,,,16,TAXABLE,PIECE,Dove,PCS,1,,,,,,,,,
S001,DOVBW0001,,,Dove Body Wash Refreshing Cucumber & Green Tea 1000ML,8901030865800,,,,16,TAXABLE,PIECE,Dove,PCS,1,,,,,,,,,
S001,DOVBW0002,,,Dove Body Wash Pampering Shea Butter & Vanilla 1000ML,8901030865770,,,,16,TAXABLE,PIECE,Dove,PCS,1,,,,,,,,,
S001,DOVBW0003,,,Dove Body Wash Sensitive Skin 1000ML,8901030865794,,,,16,TAXABLE,PIECE,Dove,PCS,1,,,,,,,,,
S001,DOVBW0005,,,Dove Body Wash Renewing Glow Pink Clay 250ml,6281006594982,,,,16,TAXABLE,PIECE,Dove,PCS,1,,,,,,,,,
S001,DOVBW0006,,,Dove Body Wash Relaxing Ritual Lavendar Oil & Rosemary Extract 250ml,6281006594968,,,,16,TAXABLE,PIECE,Dove,PCS,1,,,,,,,,,
S001,DOVBW0010,,,Dove Body Wash Pampering Shea Butter & Warm Vanilla 500ml,8712561609647,,,,16,TAXABLE,PIECE,Dove,PCS,1,,,,,,,,,
S001,DOVBW0011,,,Dove Body Wash Silk Glow 750ml,8712561626569,,,,16,TAXABLE,PIECE,Dove,PCS,1,,,,,,,,,
S001,DOVBW0012,,,Dove Body Wash Cucumber & Green Tea 750ml,8712561611442,,,,16,TAXABLE,PIECE,Dove,PCS,1,,,,,,,,,
S001,DOVBW0013,,,Dove Body Wash Restore Blue Fig & Orange Blossom 800ml,8901030661655,,,,16,TAXABLE,PIECE,Dove,PCS,1,,,,,,,,,
S001,DOVBW0014,,,Dove Body Wash Relaxing Care Shea Butter & Vanilla 800ml,8901030661587,,,,16,TAXABLE,PIECE,Dove,PCS,1,,,,,,,,,
S001,DOVBW0015,,,Dove Body Wash Renew Raspberry & Lime Scent 800ml,8901030661648,,,,16,TAXABLE,PIECE,Dove,PCS,1,,,,,,,,,
S001,DOVBW0016,,,Dove Body Wash Relaxing Care Almond Cream & Hibiscus 800ml,8901030661594,,,,16,TAXABLE,PIECE,Dove,PCS,1,,,,,,,,,
S001,DOVBW0017,,,Dove Body Wash Purifying Green Clay 250ml,6281006595002,,,,16,TAXABLE,PIECE,Dove,PCS,1,,,,,,,,,
S001,DOVBW0018,,,Dove Body Wash Reviving Pomegranate & Hibiscus Tea 250ml,6281006595064,,,,16,TAXABLE,PIECE,Dove,PCS,1,,,,,,,,,
S001,DOVBW0019,,,Dove Body Wash Men Invigorating Cool Fresh 400ml,8720181166617,,,,16,TAXABLE,PIECE,Dove,PCS,1,,,,,,,,,
S001,DOVBW0020,,,Dove Body Wash Men Minerals+Sage Reviving 400ml,8720181166631,,,,16,TAXABLE,PIECE,Dove,PCS,1,,,,,,,,,
S001,DOVBW0021,,,Dove Body Wash Glowing Ritual Lotus Flower & Rice Water 750ml,8710908881930,,,,16,TAXABLE,PIECE,Dove,PCS,1,,,,,,,,,
S001,DOVBW0022,,,Dove Body Wash Invigorating Ritual Avocado Oil & Calendula Extract 750ml,8710908882159,,,,16,TAXABLE,PIECE,Dove,PCS,1,,,,,,,,,
S001,DOVBW0023,,,Dove Body Wash Deeply Nourishing 750ml,8712561594424,,,,16,TAXABLE,PIECE,Dove,PCS,1,,,,,,,,,
S001,DOVBW0024,,,Dove Body Wash Glowing Ritual Lotus Flower & Rice Water 500ml,8710908881121,,,,16,TAXABLE,PIECE,Dove,PCS,1,,,,,,,,,
S001,DOVBW0026,,,Dove Body Wash Relaxing Ritual Lavender Oil & Rosemary Extract 750ml,8710908881145,,,,16,TAXABLE,PIECE,Dove,PCS,1,,,,,,,,,
S001,DOVBW0027,,,Dove Body Wash Cucumber & Green Tea 500ml,8712561611145,,,,16,TAXABLE,PIECE,Dove,PCS,1,,,,,,,,,
S001,DOVBW0028,,,Dove Body Wash Relaxing Ritual Lavender Oil & Rosemary Extract 500ml,8710908881541,,,,16,TAXABLE,PIECE,Dove,PCS,1,,,,,,,,,
S001,DOVBW0029,,,Dove Body Wash Pampering Shea Butter & Warm Vanilla 750ml,8712561609777,,,,16,TAXABLE,PIECE,Dove,PCS,1,,,,,,,,,
S001,DOVBW0030,,,Dove Body Wash Men Extra Fresh 400ml,8720181357893,,,,16,TAXABLE,PIECE,Dove,PCS,1,,,,,,,,,
S001,DOVBW0031,,,Dove Body Wash Men Active Fresh 400ml,8720181166563,,,,16,TAXABLE,PIECE,Dove,PCS,1,,,,,,,,,
S001,DOVBW0032,,,Dove Body Wash Men Hydrating Clean Comfort 400ml,8720181357886,,,,16,TAXABLE,PIECE,Dove,PCS,1,,,,,,,,,
S001,DOVBW0033,,,Dove Body Wash Invigorating Ritual Avocado Oil & Calendula Extract 500ml,8710908882463,,,,16,TAXABLE,PIECE,Dove,PCS,1,,,,,,,,,
S001,DOVBW0034,,,Dove Body Wash Silk Glow 500ml,8712561625760,,,,16,TAXABLE,PIECE,Dove,PCS,1,,,,,,,,,
S001,DOVBW0035,,,Dove Body Wash Coconut Milk & Jasmine Petals 750Ml,8712561631662,,,,16,TAXABLE,PIECE,Dove,PCS,1,,,,,,,,,
S001,DOVCN0009,,,Dove Conditioner Daily Care 350Ml,6281006597549,,,,16,TAXABLE,PIECE,Dove,PCS,1,,,,,,,,,
S001,DOVCN0010,,,Dove Conditioner Intensive Repair 350Ml,6281006597587,,,,16,TAXABLE,PIECE,Dove,PCS,1,,,,,,,,,
S001,DOVCN0011,,,Dove Conditioner Moisturizing 350Ml,6281006597600,,,,16,TAXABLE,PIECE,Dove,PCS,1,,,,,,,,,
S001,DOVCR0003,,,Dove Silky Body Cream Cbec 1X300Ml,40883007,,,,16,TAXABLE,PIECE,Dove,PCS,1,,,,,,,,,
S001,DOVCR0007,,,Dove Rich Nourishment Cream 150Ml,859581006754,,,,16,TAXABLE,PIECE,Dove,PCS,1,,,,,,,,,
S001,DOVCR0008,,,Dove Light Care Lotion 400Ml,8901030960598,,,,16,TAXABLE,PIECE,Dove,PCS,1,,,,,,,,,
S001,DOVCR0036,,,Dove HB Cr Rstrng RTL TB UK I L22 6X75Ml,8901030870699,,,,16,TAXABLE,6PACK,Dove,PACKS,6,,,,,,,,,
S001,DOVCR0037,,,Dove HB Cr Invgtn RTL UKBNLPT L22 6X75Ml,8901030870699,,,,16,TAXABLE,6PACK,Dove,PACKS,6,,,,,,,,,
S001,DOVCR0038,,,Dove Men Care Ultra Hydra Cream 75Ml,859581006990,,,,16,TAXABLE,PIECE,Dove,PCS,1,,,,,,,,,
S001,DOVCR0041,,,Dove Invigorating Care Hand Cream 75Ml,8710447275306,,,,16,TAXABLE,PIECE,Dove,PCS,1,,,,,,,,,
S001,DOVCR0042,,,Dove Restoring Care Hand Cream 75Ml,8710447275313,,,,16,TAXABLE,PIECE,Dove,PCS,1,,,,,,,,,
S001,DOVDO0014,,,Dove Deodorant Men Care Invisible Dry 1X250Ml,8711600533806,,,,16,TAXABLE,PIECE,Dove,PCS,1,,,,,,,,,
S001,DOVDO0015,,,Dove Deodorant Men Care Cool Fresh 1X250Ml,8710908325823,,,,16,TAXABLE,PIECE,Dove,PCS,1,,,,,,,,,
S001,DOVDO0016,,,Dove Deodorant Men Care Sport Active+Fresh 1X250Ml,8717163627099,,,,16,TAXABLE,PIECE,Dove,PCS,1,,,,,,,,,
S001,DOVDO0017,,,Dove Deodorant Men Care Extra Fresh 1X250Ml,8718114216478,,,,16,TAXABLE,PIECE,Dove,PCS,1,,,,,,,,,
S001,DOVDO0018,,,Dove Deodorant Men Care Invisible Dry 1X150Ml,8711600532397,,,,16,TAXABLE,PIECE,Dove,PCS,1,,,,,,,,,
S001,DOVDO0019,,,Dove Deodorant Cotton Soft 1X150Ml,8717163332122,,,,16,TAXABLE,PIECE,Dove,PCS,1,,,,,,,,,
S001,DOVDO0020,,,Dove Deodorant Mineral Touch 1X150Ml,8712561315906,,,,16,TAXABLE,PIECE,Dove,PCS,1,,,,,,,,,
S001,DOVDO0023,,,Dove Deodorant Men Care Clean Comfort 1X250Ml,8718114216324,,,,16,TAXABLE,PIECE,Dove,PCS,1,,,,,,,,,
S001,DOVDO0025,,,Dove Deodorant Men Care Clean Comfort 250Ml (Buy 1 Get 1),8718114216324,,,,16,TAXABLE,PIECE,Dove,PCS,1,,,,,,,,,
S001,DOVDO0026,,,Dove Deodorant Men Care Cool Fresh 250Ml (Buy 1 Get 1),8710908325823,,,,16,TAXABLE,PIECE,Dove,PCS,1,,,,,,,,,
S001,DOVDO0027,,,Dove Deodorant Original1X150Ml,6001085127334,,,,16,TAXABLE,PIECE,Dove,PCS,1,,,,,,,,,
S001,DOVDO0028,,,Dove Deodorant Invisible Dry 1X150Ml,6001087012423,,,,16,TAXABLE,PIECE,Dove,PCS,1,,,,,,,,,
S001,DOVDO0029,,,Dove Deodorant Eventone 1X150Ml,6001087376556,,,,16,TAXABLE,PIECE,Dove,PCS,1,,,,,,,,,
S001,DOVDO0030,,,Dove Deodorant Sensitive 1X150Ml,6001085127372,,,,16,TAXABLE,PIECE,Dove,PCS,1,,,,,,,,,
S001,DOVDO0031,,,Dove Deodorant Go Fresh Cucumber & Green Tea 1X150Ml,6001087003315,,,,16,TAXABLE,PIECE,Dove,PCS,1,,,,,,,,,
S001,DOVDO0032,,,Dove Deodorant Beauty Finish 1X150Ml,6001087009775,,,,16,TAXABLE,PIECE,Dove,PCS,1,,,,,,,,,
S001,DOVDO0033,,,Dove Deodorant Go Fresh Grapefruit & Lemongrass Scent 1X150Ml,6001087003322,,,,16,TAXABLE,PIECE,Dove,PCS,1,,,,,,,,,
S001,DOVDO0034,,,Dove Deodorant Men Care Extra Fresh 1X150Ml,6001087010481,,,,16,TAXABLE,PIECE,Dove,PCS,1,,,,,,,,,
S001,DOVLT0003,,,Dove Essential Care Lotion Pe 24X250Ml,8901030870699,,,,16,TAXABLE,3PACK,Dove,PACKS,3,,,,,,,,,
S001,DOVLT0006,,,Dove Lotion Restoring Care Coconut Oil & Almond Milk 1X250Ml,8710908778322,,,,16,TAXABLE,PIECE,Dove,PCS,1,,,,,,,,,
S001,DOVLT0014,,,Dove Body Lotion Go Fresh 6X100Ml,8901030870699,,,,16,TAXABLE,6PACK,Dove,PACKS,6,,,,,,,,,
S001,DOVLT0015,,,Dove Invigorating Care Lotion 1X400Ml,8901030960550,,,,16,TAXABLE,PIECE,Dove,PCS,1,,,,,,,,,
S001,DOVLT0016,,,Dove Restoring Care Lotion 400Ml,8901030960567,,,,16,TAXABLE,PIECE,Dove,PCS,1,,,,,,,,,
S001,DOVLT0019,,,Dove Essential Care Lotion 400Ml,8901030960604,,,,16,TAXABLE,PIECE,Dove,PCS,1,,,,,,,,,
S001,DOVLT0020,,,Dove Pampering Care Lotion 400Ml,8901030960574,,,,16,TAXABLE,PIECE,Dove,PCS,1,,,,,,,,,
S001,DOVLT0021,,,Dove Intense Care Lotion 400Ml,8901030960581,,,,16,TAXABLE,PIECE,Dove,PCS,1,,,,,,,,,
S001,DOVLT0022,,,Dove Essential Care Lotion 1X250Ml,4000388563209,,,,16,TAXABLE,PIECE,Dove,PCS,1,,,,,,,,,
S001,DOVLT0025,,,Dove Body Lotion Invigorating Ritual Avocado Oil & Calendula Extract 1X500Ml,859581006822,,,,16,TAXABLE,PIECE,Dove,PCS,1,,,,,,,,,
S001,DOVLT0026,,,Dove Body Lotion Restoring Ritual Coconut Oil & Sweet Almond 1X500Ml,859581006808,,,,16,TAXABLE,PIECE,Dove,PCS,1,,,,,,,,,
S001,DOVLT0027,,,Dove Body Lotion Fresh Nourishment Cucumber & Green Tea 100Ml (Buy 1 Get 1),8901030667657,,,,16,TAXABLE,PIECE,Dove,PCS,1,,,,,,,,,
S001,DOVLT0028,,,Dove Light Care Lotion 400Ml,8901030960598,,,,16,TAXABLE,PIECE,Dove,PCS,1,,,,,,,,,
S001,DOVLT0029,,,Dove Body Lotion Essential Nourishment 100Ml (Buy 1 Get 1),8901030667640,,,,16,TAXABLE,PIECE,Dove,PCS,1,,,,,,,,,
S001,DOVRO0008,,,Dove Roll On Invisible Dry 50Ml,60022615,,,,16,TAXABLE,PIECE,Dove,PCS,1,,,,,,,,,
S001,DOVRO0009,,,Dove Roll On Original 50Ml,60098764,,,,16,TAXABLE,PIECE,Dove,PCS,1,,,,,,,,,
S001,DOVRO0010,,,Dove Roll On Cucumber & Green Tea 50Ml,60017505,,,,16,TAXABLE,PIECE,Dove,PCS,1,,,,,,,,,
S001,DOVRO0012,,,Dove Roll On Beauty Finish 50Ml,60021229,,,,16,TAXABLE,PIECE,Dove,PCS,1,,,,,,,,,
S001,DOVRO0013,,,Dove Roll On Mineral Touch 50Ml,60024879,,,,16,TAXABLE,PIECE,Dove,PCS,1,,,,,,,,,
S001,DOVRO0015,,,Dove Roll On Even Tone 50Ml,60028006,,,,16,TAXABLE,PIECE,Dove,PCS,1,,,,,,,,,
S001,DOVRO0016,,,Dove Roll On Extra Fresh Men Care 50Ml,60021908,,,,16,TAXABLE,PIECE,Dove,PCS,1,,,,,,,,,
S001,DOVRO0017,,,Dove Roll On Invisible Dry Men Care 50Ml,60024664,,,,16,TAXABLE,PIECE,Dove,PCS,1,,,,,,,,,
S001,DOVSC0001,,,Dove Body Scrub Pomegranate Seeds & Shea Butter 225ml,8710447257265,,,,16,TAXABLE,PIECE,Dove,PCS,1,,,,,,,,,
S001,DOVSC0002,,,Dove Body Scrub Crushed Macadamia & Rice Milk Scent 225ml,8710447217054,,,,16,TAXABLE,PIECE,Dove,PCS,1,,,,,,,,,
S001,DOVSG0039,,,Dove Body Wash Deeply Nourishing 500Ml,8712561593533,,,,16,TAXABLE,PIECE,Dove,PCS,1,,,,,,,,,
S001,DOVSG0041,,,Dove Body Wash Shea Butter & Warm Vanilla 500Ml,8712561609647,,,,16,TAXABLE,PIECE,Dove,PCS,1,,,,,,,,,
S001,DOVSG0042,,,Dove Shower Gel Coconut Milk & Jasmine Petals 500Ml,8712561631204,,,,16,TAXABLE,PIECE,Dove,PCS,1,,,,,,,,,
S001,DOVSG0044,,,Dove Shower Gel Pistachio Cream & Magnolia 1X750Ml,8712561646024,,,,16,TAXABLE,PIECE,Dove,PCS,1,,,,,,,,,
S001,DOVSG0045,,,Dove Shower Gel Pistachio Cream & Magnolia 500Ml,8712561645690,,,,16,TAXABLE,PIECE,Dove,PCS,1,,,,,,,,,
S001,DOVSH0001,,,Dove Shampoo Daily Care 2 in1 12X400Ml,6281006524279,,,,16,TAXABLE,CASE,Dove,PCS,12,,,,,,,,,
S001,DOVSH0003,,,Dove Shampoo Moisturizing12X400Ml,6281006524170,,,,16,TAXABLE,CASE,Dove,PCS,12,,,,,,,,,
S001,DOVSH0004,,,Dove Shampoo Intensive Repair 12X400Ml,6281006524200,,,,16,TAXABLE,CASE,Dove,PCS,12,,,,,,,,,
S001,DOVSH0007,,,Dove Shampoo Intensive Repair 6X400Ml,6281006524200,,,,16,TAXABLE,6PACK,Dove,PACKS,6,,,,,,,,,
S001,DOVSH0010,,,Dove Shamp Dlycare 2In1Dia1(Djt) 1X400Ml,6281006524279,,,,16,TAXABLE,PIECE,Dove,PCS,1,,,,,,,,,
S001,DOVSH0011,,,Dove Shampoo Daily Care 2 in1 1X400Ml,6281006524279,,,,16,TAXABLE,PIECE,Dove,PCS,1,,,,,,,,,
S001,DOVSH0012,,,Dove Shampoo Moisturizing1X400Ml,6281006524170,,,,16,TAXABLE,PIECE,Dove,PCS,1,,,,,,,,,
S001,DOVSH0013,,,Dove Shampoo Intensive Repair 1X400Ml,6281006524200,,,,16,TAXABLE,PIECE,Dove,PCS,1,,,,,,,,,
S001,DOVSM0001,,,Dove Shower Mousse Deeply Nourishing Cotton Oil 200ml,8717163747193,,,,16,TAXABLE,PIECE,Dove,PCS,1,,,,,,,,,
S001,DOVSM0002,,,Dove Shower Mousse Coconut Oil 200ml,8710447280072,,,,16,TAXABLE,PIECE,Dove,PCS,1,,,,,,,,,
S001,DOVSM0003,,,Dove Shower Mousse Argan Oil 200ml,8710447280003,,,,16,TAXABLE,PIECE,Dove,PCS,1,,,,,,,,,
S001,DOVST0001,,,Dove Stick Powder Soft Farit 3X40g,8886467010286,,,,16,TAXABLE,3PACK,Dove,PACKS,3,,,,,,,,,
S001,DOVST0002,,,Dove Stick Cucumber Farit 3X40g,8886467010293,,,,16,TAXABLE,3PACK,Dove,PACKS,3,,,,,,,,,
S001,DOVST0009,,,Dove Stick Cucumber Farit 1x40g,8886467010293,,,,16,TAXABLE,PIECE,Dove,PCS,1,,,,,,,,,
S001,DOVST0010,,,Dove Stick Pear & Aloe Vera Farit 1x40g,8886467010323,,,,16,TAXABLE,PIECE,Dove,PCS,1,,,,,,,,,
S001,DOVST0011,,,Dove Stick Original Farit 1x40g,8886467010309,,,,16,TAXABLE,PIECE,Dove,PCS,1,,,,,,,,,
S001,DOVST0012,,,Dove Stick Ultimate Repair Dark Marks Corrector 1x40g,8886467010316,,,,16,TAXABLE,PIECE,Dove,PCS,1,,,,,,,,,
S001,DOVST0013,,,Dove Stick Powder Soft Farit 1x40g,8886467010286,,,,16,TAXABLE,PIECE,Dove,PCS,1,,,,,,,,,
S001,DOVST0014,,,Dove Stick Apple & White Tea Scent 40Ml,59079583,,,,16,TAXABLE,PIECE,Dove,PCS,1,,,,,,,,,
S001,DOVST0015,,,Dove Stick Invisible Dry 40Ml,50287062,,,,16,TAXABLE,PIECE,Dove,PCS,1,,,,,,,,,
S001,DURBT0001,,,Duracell Plus Power AA 20 packs x 2 cells,5000394126091,,,,16,TAXABLE,CASE,Duracell,PACKS,20,,,,,,,,,
S001,DURBT0002,,,Duracell Plus Power AA 20 packs x 4 cells,5000394127050,,,,16,TAXABLE,CASE,Duracell,PACKS,20,,,,,,,,,
S001,DURBT0004,,,Duracell Plus Power 9V 10 packs x 1 cell,5000394105485,,,,16,TAXABLE,CASE,Duracell,PACKS,10,,,,,,,,,
S001,DURBT0005,,,Duracell Plus Power AAA 10 packs x 2 cells,5000394127296,,,,16,TAXABLE,CASE,Duracell,PACKS,10,,,,,,,,,
S001,DURBT0006,,,Duracell Plus Power AAA 10 packs x 4 cells,5000394127326,,,,16,TAXABLE,CASE,Duracell,PACKS,10,,,,,,,,,
S001,DURBT0008,,,Duracell Plus Power C 10 packs x 2 cells,5000394127531,,,,16,TAXABLE,CASE,Duracell,PACKS,10,,,,,,,,,
S001,DURBT0009,,,Duracell Plus Power D 10 packs x 2 cells,5000394127562,,,,16,TAXABLE,CASE,Duracell,PACKS,10,,,,,,,,,
S001,DURBT0012,,,Duracell Basic D 10 packs x 2 cells,5000394127562,,,,16,TAXABLE,CASE,Duracell,PACKS,10,,,,,,,,,
S001,DURBT0013,,,Duracell Ultra Power AA 20 packs x 4 cells,5000394127654,,,,16,TAXABLE,CASE,Duracell,PACKS,20,,,,,,,,,
S001,DURBT0014,,,Duracell Ultra Power AAA 10 packs x 4 cells,5000394002692,,,,16,TAXABLE,CASE,Duracell,PACKS,10,,,,,,,,,
S001,DURBT0016,,,Duracell Alkaline MN21 2s,5000394803961,,,,16,TAXABLE,CASE,Duracell,PACKS,10,,,,,,,,,
S001,DURBT0017,,,Duracell Alkaline LR44 2s,5000394013926,,,,16,TAXABLE,CASE,Duracell,PACKS,10,,,,,,,,,
S001,DURBT0018,,,Duracell Lithium 2032 2s,5000394803923,,,,16,TAXABLE,CASE,Duracell,PACKS,10,,,,,,,,,
S001,DURBT0019,,,Duracell Lithium 2025 2s,5000394803909,,,,16,TAXABLE,CASE,Duracell,PACKS,10,,,,,,,,,
S001,DURBT0020,,,Duracell Lithium 2016 2s,5000394803886,,,,16,TAXABLE,CASE,Duracell,PACKS,10,,,,,,,,,
S001,DURBT0026,,,Duracell Alkaline MN27 1s,5000394923355,,,,16,TAXABLE,CASE,Duracell,PACKS,10,,,,,,,,,
S001,DURBT0032,,,Duracell AA 60BX MON SO DOA SL (4+2),5000394159464,,,,16,TAXABLE,CASE,Duracell,PACKS,10,,,,,,,,,
S001,DURBT0033,,,Duracell AAA 6KP MON SO DOA SL (4+2),5000394159495,,,,16,TAXABLE,CASE,Duracell,PACKS,6,,,,,,,,,
S001,DURBT0034,,,Duracell Simply AA 1 X 6,5000394011465,,,,16,TAXABLE,CASE,Duracell,PACKS,6,,,,,,,,,
S001,DURBT0035,,,Duracell Simply AAA 1 X 6,5000394011632,,,,16,TAXABLE,CASE,Duracell,PACKS,10,,,,,,,,,
S001,DURBT0038,,,Duracell Lithium HSDC 2032 1 X 1,5000394035263,,,,16,TAXABLE,PACKET,Duracell,PACKS,1,,,,,,,,,
S001,DURBT0044,,,Alkaline AA 60BX MON SO DOA SL (4+2),5000394159464,,,,16,TAXABLE,PIECE,Duracell,PCS,1,,,,,,,,,
S001,DURBT0045,,,Alkaline AAA 6KP MON SO DOA SL (4+2),5000394159495,,,,16,TAXABLE,PIECE,Duracell,PCS,1,,,,,,,,,
S001,FAYBK0001,,,Fay Baking Paper 38cm x 10m ( 24 Rolls),6161101892100,,,,16,TAXABLE,CASE,Fay,ROLLS,24,,,,,,,,,
S001,FAYBK0003,,,Fay Baking Paper 38cm x 50m,6161101892117,,,,16,TAXABLE,PIECE,Fay,PCS,1,,,,,,,,,
S001,FAYBK0005,,,Fay Baking Paper 38cm x 10m,6161101892100,,,,16,TAXABLE,PIECE,Fay,PCS,1,,,,,,,,,
S001,FAYCL0001,,,Fay Cling Film 30cm x 30m GP (12 Rolls),6161101890830,,,,16,TAXABLE,CASE,Fay,ROLLS,12,,,,,,,,,
S001,FAYCL0002,,,Fay Cling Film 30cmx30m GP (36Rolls),6161101890830,,,,16,TAXABLE,CASE,Fay,ROLLS,36,,,,,,,,,
S001,FAYCL0003,,,Fay Cling Film 30cm x 15m GP (12 Rolls),6161101890823,,,,16,TAXABLE,CASE,Fay,ROLLS,12,,,,,,,,,
S001,FAYCL0004,,,Fay Cling Film 30cmx15m GP (36Rolls),6161101890823,,,,16,TAXABLE,CASE,Fay,ROLLS,36,,,,,,,,,
S001,FAYCL0005,,,Fay Cling Film 45cm x 30m GP (36 Rolls),6161101891936,,,,16,TAXABLE,CASE,Fay,ROLLS,36,,,,,,,,,
S001,FAYCL0009,,,Fay Cling Film Catering 30cmx300m GP,6161101890847,,,,16,TAXABLE,PIECE,Fay,PCS,1,,,,,,,,,
S001,FAYCL0010,,,Fay Cling Film Catering 30cmx100m GP,6161101891400,,,,16,TAXABLE,PIECE,Fay,PCS,1,,,,,,,,,
S001,FAYCL0012,,,Fay Cling Film Catering 30cmx200m GP,6161101891417,,,,16,TAXABLE,PIECE,Fay,PCS,1,,,,,,,,,
S001,FAYCL0017,,,Fay Cling Film 45cm x 15m GP (36 Rolls),6161101892070,,,,16,TAXABLE,CASE,Fay,ROLLS,36,,,,,,,,,
S001,FAYCL0018,,,Fay Cling Film 45cm x 15m GP (12 Rolls),6161101892070,,,,16,TAXABLE,CASE,Fay,ROLLS,12,,,,,,,,,
S001,FAYFA0001,,,Fay Facial 50s White,6009611180051,,,,16,TAXABLE,CASE,Fay,PACKS,48,,,,,,,,,
S001,FAYFA0002,,,Fay Facial Miss Fay 70s White,6009611180037,,,,16,TAXABLE,CASE,Fay,PACKS,48,,,,,,,,,
S001,FAYFA0003,,,Fay Facial 80s White,6009611180006,,,,16,TAXABLE,CASE,Fay,PACKS,48,,,,,,,,,
S001,FAYFA0004,,,Fay Facial 80s Pink,6009611180013,,,,16,TAXABLE,CASE,Fay,PACKS,48,,,,,,,,,
S001,FAYFA0006,,,Fay Facial 140s White,6161101891165,,,,16,TAXABLE,CASE,Fay,PACKS,24,,,,,,,,,
S001,FAYFA0007,,,Fay Facial 140s Pink,6161101891172,,,,16,TAXABLE,CASE,Fay,PACKS,24,,,,,,,,,
S001,FAYFA0009,,,Fay Facial Décor Art 140s Silver,6161101891912,,,,16,TAXABLE,CASE,Fay,PACKS,24,,,,,,,,,
S001,FAYFA0011,,,Fay Facial 12x80s White,6009611180006,,,,16,TAXABLE,CASE,Fay,PACKS,12,,,,,,,,,
S001,FAYFA0012,,,Fay Facial 80s Assorted 2+1 Promo,6161101892094,,,,16,TAXABLE,CASE,Fay,PACKS,16,,,,,,,,,
S001,FAYFA0014,,,Fay Facial Travel Pack Large 24 x 100shts White,6161101892087,,,,16,TAXABLE,CASE,Fay,PACKS,24,,,,,,,,,
S001,FAYFA0015,,,Fay Facial Decor Art 140s White(Singles),6161101891929,,,,16,TAXABLE,PIECE,Fay,PCS,1,,,,,,,,,
S001,FAYFA0022,,,Fay Facial Décor Art 140s Black,6161101891929,,,,16,TAXABLE,CASE,Fay,PACKS,24,,,,,,,,,
S001,FAYFA0027,,,Fay Facial 80s Assorted 2+1 Promo (Singles),6161101892094,,,,16,TAXABLE,PIECE,Fay,PCS,1,,,,,,,,,
S001,FAYFA0029,,,Fay Facial Decor Art Series 80's,6009611180013,,,,16,TAXABLE,CASE,Fay,PACKS,48,,,,,,,,,
S001,FAYFA0030,,,Fay Facial Decor Art Series 140's,6161101891929,,,,16,TAXABLE,CASE,Fay,PACKS,24,,,,,,,,,
S001,FAYFA0031,,,Fay Facial Miss Fay 70s White - New,6009611180037,,,,16,TAXABLE,CASE,Fay,PACKS,48,,,,,,,,,
S001,FAYFL0001,,,Fay Aluminium Foil Catering 30cmx30m,6161101890779,,,,16,TAXABLE,ROLL,Fay,ROLLS,1,,,,,,,,,
S001,FAYFL0002,,,Fay Aluminium Foil 45cm x 5m (12 Rolls),6161101890762,,,,16,TAXABLE,CASE,Fay,ROLLS,12,,,,,,,,,
S001,FAYFL0003,,,Fay Aluminium Foil 45cmx5m (36Rolls),6161101890762,,,,16,TAXABLE,CASE,Fay,ROLLS,36,,,,,,,,,
S001,FAYFL0004,,,Fay Aluminium Foil Catering 30cmx60m,6161101890786,,,,16,TAXABLE,ROLL,Fay,ROLLS,1,,,,,,,,,
S001,FAYFL0005,,,Fay Aluminium Foil 30cm x 5m (12 Rolls),6161101890755,,,,16,TAXABLE,CASE,Fay,ROLLS,12,,,,,,,,,
S001,FAYFL0006,,,Fay Aluminium Foil 30cmx5m (36 Rolls),6161101890755,,,,16,TAXABLE,CASE,Fay,ROLLS,36,,,,,,,,,
S001,FAYFL0007,,,Fay Aluminium Foil Catering 30cmx90m,6161101890793,,,,16,TAXABLE,ROLL,Fay,ROLLS,1,,,,,,,,,
S001,FAYFL0008,,,Fay Aluminium Foil Catering 45cmx30m,6161101890892,,,,16,TAXABLE,ROLL,Fay,ROLLS,1,,,,,,,,,
S001,FAYFL0009,,,Fay Aluminium Foil Catering 45cmx60m,6161101890809,,,,16,TAXABLE,ROLL,Fay,ROLLS,1,,,,,,,,,
S001,FAYFL0010,,,Fay Aluminium Foil Catering (45x90m),6161101890816,,,,16,TAXABLE,ROLL,Fay,ROLLS,1,,,,,,,,,
S001,FAYFL0011,,,Fay Aluminium Foil Catering (45x90m) Slide n cut,6161101891431,,,,16,TAXABLE,ROLL,Fay,ROLLS,1,,,,,,,,,
S001,FAYKT0001,,,Fay Kitchen Towels White 1x24 Rolls,6161101891530,,,,16,TAXABLE,CASE,Fay,ROLLS,12,,,,,,,,,
S001,FAYKT0002,,,Fay Kitchen Towels White 2x12 Rolls,6161101890205,,,,16,TAXABLE,CASE,Fay,ROLLS,12,,,,,,,,,
S001,FAYKT0004,,,Fay kitchen Towels White 2 x 12 Rolls(Singles),6161101890205,,,,16,TAXABLE,PIECE,Fay,PCS,1,,,,,,,,,
S001,FAYKT0007,,,Fay Kitchen Towels Pink 2x12 Rolls,6161101892209,,,,16,TAXABLE,CASE,Fay,ROLLS,12,,,,,,,,,
S001,FAYKT0008,,,Fay Kitchen Towels Eco White 2x12 Rolls,6161101892490,,,,16,TAXABLE,CASE,Fay,ROLLS,12,,,,,,,,,
S001,FAYKT0012,,,Fay Kitchen Towels White 6 x 3Rolls (2+1),6161101890205,,,,16,TAXABLE,CASE,Fay,ROLLS,3,,,,,,,,,
S001,FAYKT0013,,,Fay Kitchen Towels Pink 6 x 3Rolls (2+1),6161101892209,,,,16,TAXABLE,CASE,Fay,ROLLS,6,,,,,,,,,
S001,FAYMP0001,,,Fay Multi-Purpose Jumbo Towels White 1x6 Rolls,6161101892186,,,,16,TAXABLE,CASE,Fay,ROLLS,6,,,,,,,,,
S001,FAYMP0002,,,Fay Multi-Purpose Jumbo Towels White 1x6 Rolls + Free Airtime,6161101892186,,,,16,TAXABLE,CASE,Fay,ROLLS,6,,,,,,,,,
S001,FAYMU0001,,,2ply Fay Advanced Multifold H/Towels 12 x 240shts,6161101891653,,,,16,TAXABLE,CASE,Fay,PACKS,12,,,,,,,,,
S001,FAYMU0004,,,Fay Multifold H/Towels Advanced 1ply 12X240shts,6161101891653,,,,16,TAXABLE,CASE,Fay,PACKS,12,,,,,,,,,
S001,FAYMU0005,,,Fay Multifold H/Towels Universal 1 ply 12x240shts,6161101892049,,,,16,TAXABLE,CASE,Fay,PACKS,12,,,,,,,,,
S001,FAYMU0008,,,Fay Multifold H/Towels Advanced 1ply 240shts Singles,6161101891653,,,,16,TAXABLE,PIECE,Fay,PACKS,12,,,,,,,,,
S001,FAYMU0012,,,Fay Multifold H/Towels Advanced Quilted 1ply 12X200shts,6161101892537,,,,16,TAXABLE,CASE,Fay,PACKS,12,,,,,,,,,
S001,FAYPK0001,,,Fay Blue Pocket Handkerchiefs 120s Singles,6161101891134,,,,16,TAXABLE,CASE,Fay,PACKS,120,,,,,,,,,
S001,FAYPK0002,,,Fay Blue Pocket Handkerchiefs 12x10,6161101891141,,,,16,TAXABLE,CASE,Fay,PACKS,12,,,,,,,,,
S001,FAYPK0003,,,Fay Pocket Handkerchiefs 120s Pink,6161101891622,,,,16,TAXABLE,CASE,Fay,PCS,120,,,,,,,,,
S001,FAYPK0004,,,Fay Pocket Handkerchiefs 12x10 Pink,6161101891806,,,,16,TAXABLE,CASE,Fay,PACKS,12,,,,,,,,,
S001,FAYPK0005,,,Fay Blue Pocket Handkerchiefs 12x10(Singles),6161101891134,,,,16,TAXABLE,PIECE,Fay,PCS,1,,,,,,,,,
S001,FAYSA0002,,,Fay Antibacterial Hand Sanitiser Gel 500ml,6161101891851,,,,16,TAXABLE,PIECE,Fay,PCS,1,,,,,,,,,
S001,FAYSA0003,,,Fay Antibacterial Hand Sanitiser Gel 5L,6161101891844,,,,16,TAXABLE,PIECE,Fay,PCS,1,,,,,,,,,
S001,FAYSA0004,,,Fay Antibacterial Hand Sanitiser Liquid 5L,6161101891868,,,,16,TAXABLE,PIECE,Fay,PCS,1,,,,,,,,,
S001,FAYSA0005,,,Fay Antibacterial Hand Sanitiser Gel 36x60ml,6161101891745,,,,16,TAXABLE,CASE,Fay,PCS,36,,,,,,,,,
S001,FAYSE0008,,,Fay Servt. 1ply 60x100shts White,6161101890496,,,,16,TAXABLE,CASE,Fay,PCS,60,,,,,,,,,
S001,FAYSE0022,,,Fay Servt. 1ply 60x100shts Pink,6161101890144,,,,16,TAXABLE,CASE,Fay,PCS,60,,,,,,,,,
S001,FAYSE0028,,,Fay Servt. 1ply Printed Blue 60x100shts,6161101890113,,,,16,TAXABLE,CASE,Fay,PCS,60,,,,,,,,,
S001,FAYSE0052,,,Fay Servt 1ply 60x100shts White(Singles),6161101890496,,,,16,TAXABLE,PIECE,Fay,PCS,1,,,,,,,,,
S001,FAYSE0078,,,Fay Servt. 1ply 18 x 100shts White,6161101890496,,,,16,TAXABLE,CASE,Fay,PCS,18,,,,,,,,,
S001,FAYSE0080,,,Fay Servt. 1ply 18 x 100shts Blue,6161101890496,,,,16,TAXABLE,CASE,Fay,PCS,18,,,,,,,,,
S001,FAYSE0083,,,Fay Servt. Value Pack 1ply 30x200shts White,6161101891837,,,,16,TAXABLE,CASE,Fay,PCS,30,,,,,,,,,
S001,FAYSE0101,,,Fay Servt. Dinner 1ply 24x50shts White,6161101890632,,,,16,TAXABLE,CASE,Fay,PCS,24,,,,,,,,,
S001,FAYSE0103,,,Fay Servt. Dinner 2ply 48x25shts White,6161101890632,,,,16,TAXABLE,CASE,Fay,PCS,48,,,,,,,,,
S001,FAYSE0105,,,Fay Servt. Cocktail 1ply 24x100shts White,6161101890649,,,,16,TAXABLE,CASE,Fay,PCS,24,,,,,,,,,
S001,FAYTP0007,,,Fay TP Emb. Wrap 4 x 10 Pink Expo.,6161101891196,,,,16,TAXABLE,CASE,Fay,PACKS,4,,,,,,,,,
S001,FAYTP0008,,,Fay TP Emb. Unwrap. 4x10s White,6161101891189,,,,16,TAXABLE,CASE,Fay,PACKS,4,,,,,,,,,
S001,FAYTP0009,,,Fay TP Emb. Unwrap. 4x10s+2 White Promo.,6161101891189,,,,16,TAXABLE,CASE,Fay,PACKS,4,,,,,,,,,
S001,FAYTP0011,,,Fay TP Emb. Wrap. 4x10s White Expo,6161101891189,,,,16,TAXABLE,CASE,Fay,PACKS,4,,,,,,,,,
S001,FAYTP0012,,,Fay TP Emb.Unwrap 4 x 10 pink,6161101891196,,,,16,TAXABLE,CASE,Fay,PACKS,4,,,,,,,,,
S001,FAYTP0013,,,Fay TP Emb. Wrap. 40s Singles White,6161101890168,,,,16,TAXABLE,CASE,Fay,PCS,40,,,,,,,,,
S001,FAYTP0014,,,Fay TP Emb. Unwrap.TwinPack 20x2s White,6161101891325,,,,16,TAXABLE,CASE,Fay,PACKS,20,,,,,,,,,
S001,FAYTP0015,,,Fay TP Emb. Unwrap.12x4s White,6161101891448,,,,16,TAXABLE,CASE,Fay,PACKS,12,,,,,,,,,
S001,FAYTP0016,,,Fay TP Emb. Unwrap. 6x8s White,6161101890557,,,,16,TAXABLE,CASE,Fay,PACKS,6,,,,,,,,,
S001,FAYTP0017,,,Fay TP Unemb. Wrapped 40s,6161101890168,,,,16,TAXABLE,CASE,Fay,PCS,40,,,,,,,,,
S001,FAYTP0018,,,Fay TP Emb. Unwrap. 4x10s White + Free Airtime,6161101891189,,,,16,TAXABLE,CASE,Fay,PACKS,4,,,,,,,,,
S001,FAYTP0031,,,Fay TP Emb. Unwrap. 4x15s White,6161101892018,,,,16,TAXABLE,CASE,Fay,PACKS,4,,,,,,,,,
S001,FAYTP0032,,,Fay TP 3 PLY Emb. Unwrap. 4x9s White,6161101892520,,,,16,TAXABLE,CASE,Fay,PACKS,4,,,,,,,,,
S001,FAYWP0004,,,Fay Sensitive Wet Wipes 72s,6161101891882,,,,16,TAXABLE,CASE,Fay,PACKS,16,,,,,,,,,
S001,FAYWP0008,,,Fay Sensitive Wet Wipes 72S(Singles),6161101891882,,,,16,TAXABLE,PIECE,Fay,PCS,1,,,,,,,,,
S001,FAYWP0009,,,Fay Pure Wet Wipes 10s(Singles),6161101892162,,,,16,TAXABLE,PIECE,Fay,PCS,1,,,,,,,,,
S001,FAYWP0015,,,Fay Antibacterial Wet Wipes 72s,6161101891783,,,,16,TAXABLE,CASE,Fay,PACKS,16,,,,,,,,,
S001,FAYWP0018,,,Fay Antibacterial Wet Wipes 72s (Singles),6161101891783,,,,16,TAXABLE,PACKET,Fay,PACKS,1,,,,,,,,,
S001,FEMCR0011,,,Fem Hair Removal Cream- Sandal 40G + 8G 20%Free (Singles),6224000851606,,,,16,TAXABLE,PIECE,Fem,PCS,1,,,,,,,,,
S001,FEMCR0012,,,Fem Hair Removal Cream- Sandal 90G + 8G 20%Free (Singles),6224000851613,,,,16,TAXABLE,PIECE,Fem,PCS,1,,,,,,,,,
S001,FEMCR0014,,,Fem Hair Removal Cream- Rose 90G + 18G 20%Free (Singles),6224000851590,,,,16,TAXABLE,PIECE,Fem,PCS,1,,,,,,,,,
S001,FEMCR0015,,,Fem Hair Removal Cream- Blossom 40G + 8G 20%Free (Singles),6224000851569,,,,16,TAXABLE,PIECE,Fem,PCS,1,,,,,,,,,
S001,FEMCR0016,,,Fem Hair Removal Cream- Blossom 90G + 18G 20%Free (Singles),6224000851576,,,,16,TAXABLE,PIECE,Fem,PCS,1,,,,,,,,,
S001,FEMWX0005,,,Fem 20 Wax Strips Facial Normal Skin (Singles),8901103027012,,,,16,TAXABLE,PIECE,Fem,PCS,1,,,,,,,,,
S001,FEMWX0006,,,Fem 20 Wax Strips Bikini & Underarm Sensitive Skin (Singles),6291069702781,,,,16,TAXABLE,PIECE,Fem,PCS,1,,,,,,,,,
S001,FEMWX0007,,,Fem 20 Wax Strips Bikini & Underarm Normal Skin (Singles),6291069702774,,,,16,TAXABLE,PIECE,Fem,PCS,1,,,,,,,,,
S001,HOBBW0001,,,Hobby Body Wash Pomegranate Blossom 1000Ml,8690937010283,,,,16,TAXABLE,PIECE,Hobby,PCS,1,,,,,,,,,
S001,HOBBW0002,,,Hobby Body Wash Pure Orchid 1000Ml,8690937011563,,,,16,TAXABLE,PIECE,Hobby,PCS,1,,,,,,,,,
S001,HOBBW0005,,,Hobby Body Wash Pomegranate Blossom 300Ml,8690937001816,,,,16,TAXABLE,PIECE,Hobby,PCS,1,,,,,,,,,
S001,HOBBW0006,,,Hobby Body Wash Magnolia 300Ml,8690937001823,,,,16,TAXABLE,PIECE,Hobby,PCS,1,,,,,,,,,
S001,HOBBW0008,,,Hobby Body Wash Refreshing Fruits 300Ml,8690937001847,,,,16,TAXABLE,PIECE,Hobby,PCS,1,,,,,,,,,
S001,HOBBW0009,,,Hobby Body Wash Pure Orchid 300Ml,8690937011716,,,,16,TAXABLE,PIECE,Hobby,PCS,1,,,,,,,,,
S001,HOBBW0010,,,Hobby Body Wash Pomegranate Blossom 500Ml,8690937003575,,,,16,TAXABLE,PIECE,Hobby,PCS,1,,,,,,,,,
S001,HOBBW0011,,,Hobby Body Wash Magnolia 500Ml,8690937003582,,,,16,TAXABLE,PIECE,Hobby,PCS,1,,,,,,,,,
S001,HOBBW0012,,,Hobby Body Wash Calming Sea Minerals 500Ml,8690937003483,,,,16,TAXABLE,PIECE,Hobby,PCS,1,,,,,,,,,
S001,HOBBW0013,,,Hobby Body Wash Refreshing Fruits 500Ml,8690937003605,,,,16,TAXABLE,PIECE,Hobby,PCS,1,,,,,,,,,
S001,HOBBW0014,,,Hobby Body Wash Pure Orchid 500Ml,8690937011556,,,,16,TAXABLE,PIECE,Hobby,PCS,1,,,,,,,,,
S001,HOBBW0015,,,Hobby Liquid Hand Soap Spring Flower 400Ml,8690937001779,,,,16,TAXABLE,PIECE,Hobby,PCS,1,,,,,,,,,
S001,HOBBW0016,,,Hobby Liquid Hand Soap Pure Touch Orchid Flower 400Ml,8690937001809,,,,16,TAXABLE,PIECE,Hobby,PCS,1,,,,,,,,,
S001,HOBBW0017,,,Hobby Liquid Hand Soap Romantic 400Ml,8690937011686,,,,16,TAXABLE,PIECE,Hobby,PCS,1,,,,,,,,,
S001,HOBBW0018,,,Hobby Liquid Hand Soap Lotus Flower 400Ml,8690937011693,,,,16,TAXABLE,PIECE,Hobby,PCS,1,,,,,,,,,
S001,HOBBW0019,,,Hobby Liquid Hand Soap Naturals Rose 3000Ml,8690937012966,,,,16,TAXABLE,PIECE,Hobby,PCS,1,,,,,,,,,
S001,HOBBW0020,,,Hobby Body Wash Naturals Energy 500Ml,8690937011044,,,,16,TAXABLE,PIECE,Hobby,PCS,1,,,,,,,,,
S001,HOBBW0021,,,Hobby Relax Naturals Shower Gel Thyme Extract & Lavender Oil 500Ml,8690937012973,,,,16,TAXABLE,PIECE,Hobby,PCS,1,,,,,,,,,
S001,HOBBW0022,,,Hobby Refresh Naturals Shower Gel Sage Extract & Tea Tree Oil 500Ml,8690937011068,,,,16,TAXABLE,PIECE,Hobby,PCS,1,,,,,,,,,
S001,HOBBW0023,,,Hobby Liquid Hand Soap Blackberry 400Ml,8690937012485,,,,16,TAXABLE,PIECE,Hobby,PCS,1,,,,,,,,,
S001,HOBBW0024,,,Hobby Liquid Hand Soap Fresh&Soft Peach & Mango 400Ml,8690937011853,,,,16,TAXABLE,PIECE,Hobby,PCS,1,,,,,,,,,
S001,HOBBW0025,,,Hobby Liquid Hand Soap Fresh&Soft Kiwi & Melon 400Ml,8690937011860,,,,16,TAXABLE,PIECE,Hobby,PCS,1,,,,,,,,,
S001,HOBBW0026,,,Hobby Body Wash Marshmallow Coconut 500Ml,8690937011587,,,,16,TAXABLE,PIECE,Hobby,PCS,1,,,,,,,,,
S001,HOBBW0027,,,Hobby Body Wash Marshmallow Strawberry 500Ml,8690937009409,,,,16,TAXABLE,PIECE,Hobby,PCS,1,,,,,,,,,
S001,HOBBW0028,,,Hobby Body Wash Marshmallow Vanilla 500Ml,8690937009416,,,,16,TAXABLE,PIECE,Hobby,PCS,1,,,,,,,,,
S001,HOBBW0029,,,Hobby Men Body Wash + Shampoo Sport 400Ml,8690937009829,,,,16,TAXABLE,PIECE,Hobby,PCS,1,,,,,,,,,
S001,HOBBW0030,,,Hobby Men Body Wash + Shampoo Power 400Ml,8690937009836,,,,16,TAXABLE,PIECE,Hobby,PCS,1,,,,,,,,,
S001,HOBBW0031,,,Hobby Men Body Wash + Shampoo Artic 400Ml,8690937011570,,,,16,TAXABLE,PIECE,Hobby,PCS,1,,,,,,,,,
S001,HOBBW0032,,,Hobby Moisturizing Cream Avocado 250Ml,8690937012577,,,,16,TAXABLE,PIECE,Hobby,PCS,1,,,,,,,,,
S001,HOBBW0041,,,Hobby Moisturizing Cream Coconut 250Ml,8690937012584,,,,16,TAXABLE,PIECE,Hobby,PCS,1,,,,,,,,,
S001,HOBBW0042,,,Hobby Moisturizing Cream Shea Butter 250Ml,8690937012591,,,,16,TAXABLE,PIECE,Hobby,PCS,1,,,,,,,,,
S001,HOBCN0002,,,Hobby Hair Conditioner Classic Balsam Vitamin & Keratin 600Ml,8690937011518,,,,16,TAXABLE,PIECE,Hobby,PCS,1,,,,,,,,,
S001,HOBHW0001,,,Hobby Naturals Liquid Hand Soap Olive Extract 400Ml,8690937011723,,,,16,TAXABLE,PIECE,Hobby,PCS,1,,,,,,,,,
S001,HOBHW0003,,,Hobby Naturals Liquid Hand Soap Strawberry & Pomegranate 400Ml,8690937009232,,,,16,TAXABLE,PIECE,Hobby,PCS,1,,,,,,,,,
S001,HOBHW0005,,,Hobby Naturals Liquid Hand Soap Rose 400Ml,8690937010504,,,,16,TAXABLE,PIECE,Hobby,PCS,1,,,,,,,,,
S001,HOBLT0004,,,Hobby Body Lotion Shea Butter 400Ml (Singles),8690937012614,,,,16,TAXABLE,PIECE,Hobby,PCS,1,,,,,,,,,
S001,HOBLT0005,,,Hobby Body Lotion Avocado 400Ml,8690937012607,,,,16,TAXABLE,PIECE,Hobby,PCS,1,,,,,,,,,
S001,HOBLT0006,,,Hobby Body Lotion Coconut 400Ml,8690937012621,,,,16,TAXABLE,PIECE,Hobby,PCS,1,,,,,,,,,
S001,HOBSH0001,,,Hobby Protein Care Shampoo Garlic Extract 600Ml,8690937011266,,,,16,TAXABLE,PIECE,Hobby,PCS,1,,,,,,,,,
S001,HOBSH0002,,,Hobby Protein Care Shampoo Black Olive Extract 600Ml,8690937011303,,,,16,TAXABLE,PIECE,Hobby,PCS,1,,,,,,,,,
S001,HOBSH0003,,,Hobby Protein Care Shampoo Rose Extract 600Ml,8690937011112,,,,16,TAXABLE,PIECE,Hobby,PCS,1,,,,,,,,,
S001,HOBSH0004,,,Hobby Protein Care Shampoo Pomegranate Extract 600Ml,8690937011143,,,,16,TAXABLE,PIECE,Hobby,PCS,1,,,,,,,,,
S001,HOBSH0005,,,Hobby Protein Care Shampoo Almond Extract 600Ml,8690937011174,,,,16,TAXABLE,PIECE,Hobby,PCS,1,,,,,,,,,
S001,HOBSH0006,,,Hobby Protein Anti-Dandruff Shampoo Olive 600Ml,8690937011235,,,,16,TAXABLE,PIECE,Hobby,PCS,1,,,,,,,,,
S001,HOBSH0012,,,Hobby Protein Care Anti-Dandruff Shampoo Herbal Extract 400Ml,8690937011327,,,,16,TAXABLE,PIECE,Hobby,PCS,1,,,,,,,,,
S001,HOBSH0013,,,Hobby Protein Care Anti-Dandruff Shampoo Olive Extract 400Ml,8690937011242,,,,16,TAXABLE,PIECE,Hobby,PCS,1,,,,,,,,,
S001,HOBSH0014,,,Hobby Protein Nettle Extract Shampool 400Ml,8690937011211,,,,16,TAXABLE,PIECE,Hobby,PCS,1,,,,,,,,,
S001,HOBWP0001,,,Hobby Wet Wipes Aloe Vera 90Wipes,8690937013659,,,,16,TAXABLE,PIECE,Hobby,PCS,1,,,,,,,,,
S001,HOBWP0002,,,Hobby Wet Wipes Lavender 90Wipes,8690937013666,,,,16,TAXABLE,PIECE,Hobby,PCS,1,,,,,,,,,
S001,HOBWP0003,,,Hobby Wet Wipes Aloe Vera Eco Pack 90 Wipes,8690937007412,,,,16,TAXABLE,PIECE,Hobby,PCS,1,,,,,,,,,
S001,HUGDP0001,,,Huggies Dry Comfort Size 2 (3 - 6 kg) 2 x 68's,5029053579016,,,,16,TAXABLE,CASE,Huggies,PACKS,2,,,,,,,,,
S001,HUGDP0003,,,Huggies Dry Comfort Size 2 (3 - 6 kg) 8 x 10's,5029053578996,,,,16,TAXABLE,CASE,Huggies,PACKS,8,,,,,,,,,
S001,HUGDP0004,,,Huggies Dry Comfort Size 3 (5 - 9 kg) 8 x 9's,5029053579023,,,,16,TAXABLE,CASE,Huggies,PACKS,8,,,,,,,,,
S001,HUGDP0005,,,Huggies Dry Comfort Size 4 (8 - 14 kg) 8 x 8's,5029053579054,,,,16,TAXABLE,CASE,Huggies,PACKS,8,,,,,,,,,
S001,HUGDP0006,,,Huggies Dry Comfort Size 5 (12 - 22 kg) 8 x 7's,5029053579085,,,,16,TAXABLE,CASE,Huggies,PACKS,8,,,,,,,,,
S001,HUGDP0013,,,Huggies Dry Comfort Size 3 (5 - 9 kg) 2 x 64's,5029053579047,,,,16,TAXABLE,CASE,Huggies,PACKS,2,,,,,,,,,
S001,HUGDP0014,,,Huggies Dry Comfort Size 4 (8 - 14 kg) 2 x 60's,5029053579078,,,,16,TAXABLE,CASE,Huggies,PACKS,2,,,,,,,,,
S001,HUGDP0015,,,Huggies Dry Comfort Size 5 (12 - 22 kg) 2 x 56's,5029053579108,,,,16,TAXABLE,CASE,Huggies,PACKS,2,,,,,,,,,
S001,HUGDP0024,,,Huggies Dry Comfort Size 5 (12 - 22 kg) 56's (Singles),5029053579108,,,,16,TAXABLE,PACKET,Huggies,PACKS,1,,,,,,,,,
S001,HUGDP0025,,,Huggies Dry Comfort Size 3 (5 - 9 kg) 36's (Singles),5029053579030,,,,16,TAXABLE,PACKET,Huggies,PACKS,1,,,,,,,,,
S001,HUGDP0026,,,Huggies Dry Comfort Size 3 (5 - 9 kg) 64's (Singles),5029053579047,,,,16,TAXABLE,PACKET,Huggies,PACKS,1,,,,,,,,,
S001,HUGDP0027,,,Huggies Dry Comfort Size 4 (8 - 14 kg) 60's (Singles),5029053579078,,,,16,TAXABLE,PACKET,Huggies,PACKS,1,,,,,,,,,
S001,HUGDP0030,,,Huggies Dry Comfort Size 2 (3 - 6 kg) 38's(Singles),5029053579009,,,,16,TAXABLE,PACKET,Huggies,PACKS,1,,,,,,,,,
S001,HUGDP0031,,,Huggies Dry Comfort Size 4 (8 - 14 kg) 34's(Singles),5029053579061,,,,16,TAXABLE,PACKET,Huggies,PACKS,1,,,,,,,,,
S001,HUGDP0032,,,Huggies Dry Comfort Size 2 (3 - 6 kg) 8 x 10's ( Save 160 ),5029053578996,,,,16,TAXABLE,CASE,Huggies,PACKS,8,,,,,,,,,
S001,HUGDP0033,,,Huggies Dry Comfort Size 3 (5 - 9 kg) 8 x 9's ( Save 160 ),5029053579023,,,,16,TAXABLE,CASE,Huggies,PACKS,8,,,,,,,,,
S001,HUGDP0036,,,Huggies Dry Comfort Size 3 (5 - 9 kg) 8 x 9's (Singles),5029053579023,,,,16,TAXABLE,PIECE,Huggies,PCS,1,,,,,,,,,
S001,HUGDP0037,,,Huggies Dry Comfort Size 3 (5 - 9 kg) 6 x 36's,5029053579030,,,,16,TAXABLE,CASE,Huggies,PACKS,6,,,,,,,,,
S001,HUGDP0038,,,Huggies Dry Comfort Size 3 (5 - 9 kg) 4 x 64's,5029053579047,,,,16,TAXABLE,CASE,Huggies,PACKS,4,,,,,,,,,
S001,HUGDP0039,,,Huggies Dry Comfort Size 4 (8 - 14 kg) 8's (Singles),5029053579054,,,,16,TAXABLE,PIECE,Huggies,PCS,1,,,,,,,,,
S001,HUGDP0040,,,Huggies Dry Comfort Size 4 (8 - 14 kg) 6 x 34's,5029053579061,,,,16,TAXABLE,CASE,Huggies,PACKS,6,,,,,,,,,
S001,HUGDP0041,,,Huggies Dry Comfort Size 4 (8 - 14 kg) 4 x 60's,5029053579078,,,,16,TAXABLE,CASE,Huggies,PACKS,6,,,,,,,,,
S001,HUGDP0043,,,Huggies Dry Comfort Size 5 (12 - 22 kg) 6 x 30's,5029053580197,,,,16,TAXABLE,CASE,Huggies,PACKS,4,,,,,,,,,
S001,HUGDP0044,,,Huggies Dry Comfort Size 5 (12 - 22 kg) 4 x 56's,5029053579108,,,,16,TAXABLE,CASE,Huggies,PACKS,4,,,,,,,,,
S001,HUGDP0046,,,Huggies Dry Comfort Size 2 (3 - 6 kg) 4 x 68's,5029053579016,,,,16,TAXABLE,CASE,Huggies,PACKS,4,,,,,,,,,
S001,HUGDP0047,,,Huggies Dry Comfort Size 2 (3 - 6 kg) 6 x 38's,5029053579009,,,,16,TAXABLE,CASE,Huggies,PACKS,6,,,,,,,,,
S001,HUGDP0048,,,Huggies Dry Comfort Size 5 (12 - 22 kg) 7's (Singles),5029053579085,,,,16,TAXABLE,PACKET,Huggies,PACKS,1,,,,,,,,,
S001,HUGDR0001,,,Huggies Drynites Boy 4-7yrs 3x10s,5029053527574,,,,16,TAXABLE,CASE,Huggies,PACKS,3,,,,,,,,,
S001,HUGDR0002,,,Huggies Drynites Girl 8-15 yrs 3x9s,5029053527604,,,,16,TAXABLE,CASE,Huggies,PACKS,3,,,,,,,,,
S001,HUGDR0003,,,Huggies Drynites Girl 4-7yrs 3x10s,5029053527581,,,,16,TAXABLE,CASE,Huggies,PACKS,3,,,,,,,,,
S001,HUGDR0004,,,Huggies Drynites Boy 8-15yrs 3x9s,5029053527598,,,,16,TAXABLE,CASE,Huggies,PACKS,3,,,,,,,,,
S001,HUGGD0007,,,Huggies Extra Care (Gold) 42s (Size 3) 5 - 8 Kgs,6084011840095,,,,16,TAXABLE,CASE,Huggies,PACKS,2,,,,,,,,,
S001,HUGGD0008,,,Huggies Extra Care (Gold) 40s (Size 4) 8 - 14 Kgs,6084011840101,,,,16,TAXABLE,CASE,Huggies,PACKS,2,,,,,,,,,
S001,HUGGD0015,,,Huggies Extra Care (Gold) 40s (Size 4) 8 - 14 Kgs (Singles),6084011840101,,,,16,TAXABLE,PIECE,Huggies,PCS,1,,,,,,,,,
S001,HUGGD0016,,,Huggies Extra Care (Gold) 42s (Size 3) 5 - 8 Kgs (Singles),6084011840095,,,,16,TAXABLE,PIECE,Huggies,PCS,1,,,,,,,,,
S001,HUGLS0002,,,Huggies Little Swimmers (4) Conv S3-4 Dest 12x8,36000183399,,,,16,TAXABLE,CASE,Huggies,PACKS,12,,,,,,,,,
S001,HUGLS0003,,,Huggies Little Swimmers (2) Conv S2-3 Dest 12x8,5029053537795,,,,16,TAXABLE,CASE,Huggies,PACKS,12,,,,,,,,,
S001,HUGNW0001,,,Huggies Pure & Natural Size1 (Newborn) 6x26s,5029053571973,,,,16,TAXABLE,CASE,Huggies,PACKS,6,,,,,,,,,
S001,HUGNW0003,,,Huggies Pure & Natural Size2 (Newborn) 6x32s,5029053541570,,,,16,TAXABLE,CASE,Huggies,PACKS,6,,,,,,,,,
S001,HUGNW0008,,,Huggies New Born Jumbo (1) P64x2 MENA,5029053568638,,,,16,TAXABLE,CASE,Huggies,PACKS,2,,,,,,,,,
S001,HUGNW0009,,,Huggies New Born Jumbo (2) P64x2 MENA,5029053545356,,,,16,TAXABLE,CASE,Huggies,PACKS,2,,,,,,,,,
S001,HUGPA0001,,,Huggies Pants (3) Carry 36x4,6001019911107,,,,16,TAXABLE,CASE,Huggies,PACKS,4,,,,,,,,,
S001,HUGPA0002,,,Huggies Pants (4) Carry 32x4,6001019911121,,,,16,TAXABLE,CASE,Huggies,PACKS,4,,,,,,,,,
S001,HUGPA0003,,,Huggies Pants (5) Carry 28x4,6001019911145,,,,16,TAXABLE,CASE,Huggies,PACKS,4,,,,,,,,,
S001,HUGPA0004,,,Huggies Pants (6) Carry 26x4,6001019911176,,,,16,TAXABLE,CASE,Huggies,PACKS,4,,,,,,,,,
S001,HUGPA0026,,,Huggies Pants (4) Carry 32s (Singles),6001019911121,,,,16,TAXABLE,PACKET,Huggies,PACKS,1,,,,,,,,,
S001,HUGPA0030,,,Huggies Dry Comfort Pants Size 3 (31 X 8),5029053582559,,,,16,TAXABLE,CASE,Huggies,PACKS,8,,,,,,,,,
S001,HUGPA0031,,,Huggies Dry Comfort Pants Size 4 (28 X 8),5029053582573,,,,16,TAXABLE,CASE,Huggies,PACKS,8,,,,,,,,,
S001,HUGPA0032,,,Huggies Dry Comfort Pants Size 5 (26 X 8),5029053582597,,,,16,TAXABLE,CASE,Huggies,PACKS,8,,,,,,,,,
S001,HUGPA0033,,,Huggies Dry Comfort Pants Size 6 (24 X 8),5029053582610,,,,16,TAXABLE,CASE,Huggies,PACKS,8,,,,,,,,,
S001,HUGPA0034,,,Huggies Dry Comfort Pants Size 3 (62 X 6),5029053582566,,,,16,TAXABLE,CASE,Huggies,PACKS,6,,,,,,,,,
S001,HUGPA0035,,,Huggies Dry Comfort Pants Size 4 (56 X 6),5029053582580,,,,16,TAXABLE,CASE,Huggies,PACKS,6,,,,,,,,,
S001,HUGPA0036,,,Huggies Dry Comfort Pants Size 5 (52 X 6),5029053582603,,,,16,TAXABLE,CASE,Huggies,PACKS,6,,,,,,,,,
S001,HUGPA0037,,,Huggies Dry Comfort Pants Size 6 (48 X 6),5029053582627,,,,16,TAXABLE,CASE,Huggies,PACKS,6,,,,,,,,,
S001,HUGPA0039,,,Huggies Pants (5) Carry 28s (Singles),6001019911145,,,,16,TAXABLE,PACKET,Huggies,PACKS,1,,,,,,,,,
S001,HUGPA0041,,,Huggies Dry Comfort Pants Assorted - Bulk,5029053582610,,,,16,TAXABLE,CASE,Huggies,PACKS,8,,,,,,,,,
S001,HUGPA0042,,,Huggies Dry Comfort Pants Assorted - Jumbo,5029053582627,,,,16,TAXABLE,CASE,Huggies,PACKS,6,,,,,,,,,
S001,HUGPA0044,,,Huggies Dry Comfort Pants Size 3 62's (Singles),5029053582566,,,,16,TAXABLE,PIECE,Huggies,PCS,1,,,,,,,,,
S001,HUGPA0045,,,Huggies Dry Comfort Pants Size 5 26's (Singles),5029053582597,,,,16,TAXABLE,PIECE,Huggies,PCS,1,,,,,,,,,
S001,HUGPA0046,,,Huggies Dry Comfort Pants Size 4 28's (Singles),5029053582610,,,,16,TAXABLE,PIECE,Huggies,PCS,1,,,,,,,,,
S001,HUGPA0047,,,Huggies Dry Comfort Pants Size 3 31's (Singles),5029053582559,,,,16,TAXABLE,PIECE,Huggies,PCS,1,,,,,,,,,
S001,HUGPA0048,,,Huggies Dry Comfort Pants Size 5 52's (Singles),5029053582603,,,,16,TAXABLE,PIECE,Huggies,PCS,1,,,,,,,,,
S001,HUGPA0052,,,Huggies Dry Comfort Pants Size 6 (24 X 4),5029053582610,,,,16,TAXABLE,CASE,Huggies,PACKS,4,,,,,,,,,
S001,HUGPA0054,,,Huggies Dry Comfort Pants Size 4 (56 X 2),5029053582580,,,,16,TAXABLE,CASE,Huggies,PACKS,2,,,,,,,,,
S001,HUGPA0056,,,Huggies Dry Comfort Pants Size 6 (48 X 2),5029053582627,,,,16,TAXABLE,CASE,Huggies,PACKS,2,,,,,,,,,
S001,HUGWP0002,,,Huggies Babywipes N B Pure 10x56s,5029053550039,,,,16,TAXABLE,CASE,Huggies,PACKS,10,,,,,,,,,
S001,HUGWP0003,,,Huggies Babywipes Natural Care 10x56s,5029053550152,,,,16,TAXABLE,CASE,Huggies,PACKS,10,,,,,,,,,
S001,HUGWP0004,,,Huggies Babywipes All Over Clean 10x56s,5029053567822,,,,16,TAXABLE,CASE,Huggies,PACKS,10,,,,,,,,,
S001,HUGWP0009,,,Huggies Babywipes N'Care Triplo 2+1 (56x3)x4 BY,5029053550176,,,,16,TAXABLE,CASE,Huggies,PACKS,4,,,,,,,,,
S001,HUGWP0010,,,Huggies Babywipes Pure Triplo 2+1 (56x3)x4 - Blue,5029053550091,,,,16,TAXABLE,CASE,Huggies,PACKS,4,,,,,,,,,
S001,HUGWP0013,,,Huggies Babywipes Natural Care 56s (Singles),5029053550152,,,,16,TAXABLE,PACKET,Huggies,PACKS,1,,,,,,,,,
S001,HUGWP0014,,,Huggies Babywipes All Over Clean 56s(Singles),5029053567822,,,,16,TAXABLE,PACKET,Huggies,PACKS,1,,,,,,,,,
S001,HUGWP0015,,,Huggies Babywipes Pure 56s(Singles),5029053550039,,,,16,TAXABLE,PACKET,Huggies,PACKS,1,,,,,,,,,
S001,HUGWP0018,,,Huggies Babywipes N'Care Triplo 2+1 (56x3)x4 BY (Singles),5029053550176,,,,16,TAXABLE,PACKET,Huggies,PACKS,1,,,,,,,,,
S001,KLEFA0001,,,Kleenex Facial 140s White,6161101890670,,,,16,TAXABLE,CASE,Kleenex,PACKS,24,,,,,,,,,
S001,KLEFA0002,,,Kleenex Facial 80s White,6009611180495,,,,16,TAXABLE,CASE,Kleenex,PACKS,48,,,,,,,,,
S001,KLEFA0004,,,Kleenex Facial 80s Pink,6161101890656,,,,16,TAXABLE,CASE,Kleenex,ROLLS,12,,,,,,,,,
S001,KLEKT0001,,,Kleenex Kitchen Towels 2x12 Rolls,6161101891158,,,,16,TAXABLE,CASE,Kleenex,PCS,120,,,,,,,,,
S001,KLEPK0001,,,Kleenex Pocket Handkerchiefs 120s Singles,6161101891226,,,,16,TAXABLE,CASE,Kleenex,PACKS,10,,,,,,,,,
S001,KLEPK0002,,,Kleenex Pocket Handkerchiefs 12x10,6161101891233,,,,16,TAXABLE,CASE,Kleenex,PACKS,6,,,,,,,,,
S001,KLEPK0003,,,Kleenex Pocket Handkerchiefs Mini 21x6,6161101891257,,,,16,TAXABLE,CASE,Kleenex,PACKS,1,,,,,,,,,
S001,KLESE0001,,,Kleenex Servt. 1ply 60x100shts White,6161101891370,,,,16,TAXABLE,CASE,Kleenex,PCS,60,,,,,,,,,
S001,KLETP0001,,,Kleenex TP Emb. Wrap. 40s Singles White,6161101890199,,,,16,TAXABLE,CASE,Kleenex,PCS,40,,,,,,,,,
S001,KLETP0002,,,Kleenex TP Emb. Unwrap.4x10s White,6161101891202,,,,16,TAXABLE,CASE,Kleenex,PACKS,4,,,,,,,,,
S001,KLETP0003,,,Kleenex TP Emb. Unwrap.4x10s Pink,6161101891219,,,,16,TAXABLE,CASE,Kleenex,PACKS,4,,,,,,,,,
S001,KLETP0004,,,Kleenex TP Emb. Unwrap.6x8s White,6161101890694,,,,16,TAXABLE,CASE,Kleenex,PACKS,6,,,,,,,,,
S001,KOTPA0002,,,Kotex Ultrathin Super 16x8s,5029053569802,,,,16,EXEMPT,CASE,Kotex,PACKS,16,,,,,,,,,
S001,KOTPA0003,,,Kotex Ultrathin DUO Super 16x16s,6001019909876,,,,16,EXEMPT,CASE,Kotex,PACKS,16,,,,,,,,,
S001,KOTPA0004,,,Kotex Ultrathin Night 16x7s,5029053569819,,,,16,EXEMPT,CASE,Kotex,PACKS,16,,,,,,,,,
S001,KOTPA0006,,,Kotex Ultrathin DUO Normal 12x16s,6001019907827,,,,16,EXEMPT,CASE,Kotex,PACKS,12,,,,,,,,,
S001,KOTPA0015,,,Kotex Ultrathin Duo Nights 16x14s,5029053582054,,,,16,EXEMPT,CASE,Kotex,PACKS,16,,,,,,,,,
S001,KOTPA0017,,,Kotex Ultrathin Super 8s (Singles),5029053569802,,,,16,EXEMPT,PACKET,Kotex,PACKS,1,,,,,,,,,
S001,KOTPA0018,,,Kotex Ultrathin DUO Super 16s (Singles),6001019909876,,,,16,EXEMPT,PACKET,Kotex,PACKS,1,,,,,,,,,
S001,KOTPA0019,,,Kotex Ultrathin Night 7s (Singles),5029053569819,,,,16,EXEMPT,PACKET,Kotex,PACKS,1,,,,,,,,,
S001,KOTPA0020,,,Kotex Ultrathin Maxi Pads 8s (Singles),6001019911343,,,,16,EXEMPT,PACKET,Kotex,PACKS,1,,,,,,,,,
S001,KOTPA0021,,,Kotex Ultrathin DUO Normal 16s (Singles),6001019907827,,,,16,EXEMPT,PACKET,Kotex,PACKS,1,,,,,,,,,
S001,KOTPA0024,,,Kotex Ultrathin Super 4 x 4 x 8s,5029053569802,,,,16,EXEMPT,CASE,Kotex,PACKS,16,,,,,,,,,
S001,KOTPA0025,,,Kotex Ultrathin Night 4 x 4 x 7s,5029053569819,,,,16,EXEMPT,CASE,Kotex,PACKS,16,,,,,,,,,
S001,KOTPA0026,,,Kotex Maxi Pad Extra Long Night 16x7s,5029053580210,,,,16,EXEMPT,CASE,Kotex,PACKS,16,,,,,,,,,
S001,KOTPA0027,,,Kotex Maxi Pad Long Day 16x9s,5029053580203,,,,16,EXEMPT,CASE,Kotex,PACKS,16,,,,,,,,,
S001,KOTPA0028,,,Kotex Ultrathin DUO Nights 16s (Singles),5029053582054,,,,16,EXEMPT,PACKET,Kotex,PACKS,1,,,,,,,,,
S001,KOTPA0030,,,Kotex Maxi Pad Extra Long 4x4x7s,5029053580210,,,,16,EXEMPT,CASE,Kotex,PACKS,16,,,,,,,,,
S001,KOTPA0031,,,Kotex Maxi Pad Long 4x4x9s,5029053580203,,,,16,EXEMPT,CASE,Kotex,PACKS,16,,,,,,,,,
S001,KOTPA0032,,,Kotex Maxi Pad Extra Long 16x7s (singles),5029053580210,,,,16,EXEMPT,PIECE,Kotex,PCS,1,,,,,,,,,
S001,KOTPA0033,,,Kotex Maxi Pad Long 16x9s (singles),5029053580203,,,,16,EXEMPT,PIECE,Kotex,PCS,1,,,,,,,,,
S001,KOTPA0034,,,Kotex Ultrathin Night 3x6x7s,5029053569819,,,,16,EXEMPT,CASE,Kotex,PACKS,12,,,,,,,,,
S001,KOTPA0035,,,Kotex Ultrathin Night 2x6x7s,5029053569819,,,,16,EXEMPT,CASE,Kotex,PACKS,12,,,,,,,,,
S001,KOTPT0001,,,Kotex Pantyliners Regular 20x16s,5029053569369,,,,16,TAXABLE,CASE,Kotex,PACKS,20,,,,,,,,,
S001,KOTPT0002,,,Kotex Pantyliners Deo 20x16s,5029053569376,,,,16,TAXABLE,CASE,Kotex,PACKS,20,,,,,,,,,
S001,KOTPT0003,,,Kotex Pantyliners Normal Single Wrapped 20x16s,5029053569406,,,,16,TAXABLE,CASE,Kotex,PACKS,20,,,,,,,,,
S001,KOTPT0004,,,Kotex Pantyliners Regular 40x16s,5029053569383,,,,16,TAXABLE,CASE,Kotex,PACKS,40,,,,,,,,,
S001,KOTPT0005,,,Kotex Pantyliners Deo 40x16s,5029053569390,,,,16,TAXABLE,CASE,Kotex,PACKS,40,,,,,,,,,
S001,KOTPT0006,,,Kotex Pantyliners Deo 20x16s (Singles),5029053569376,,,,16,TAXABLE,PIECE,Kotex,PCS,1,,,,,,,,,
S001,KOTPT0007,,,Kotex Pantyliners Deo 40x16s (Singles),5029053569390,,,,16,TAXABLE,PIECE,Kotex,PCS,1,,,,,,,,,
S001,KOTPT0008,,,Kotex Pantyliners Regular 20x16s (Singles),5029053569369,,,,16,TAXABLE,PIECE,Kotex,PCS,1,,,,,,,,,
S001,KOTPT0009,,,Kotex Pantyliners Regular 40x16s (Singles),5029053569383,,,,16,TAXABLE,PIECE,Kotex,PCS,1,,,,,,,,,
S001,KOTPT0010,,,Kotex Super Protect Long Liner P16x16,5029053580739,,,,16,TAXABLE,CASE,Kotex,PACKS,16,,,,,,,,,
S001,KOTPT0011,,,Kotex Super Protect Long Liner P30x16,5020053580746,,,,16,TAXABLE,CASE,Kotex,PACKS,16,,,,,,,,,
S001,KOTTA0001,,,Kotex Tampons Super 12x16s,5029053534817,,,,16,EXEMPT,CASE,Kotex,PACKS,12,,,,,,,,,
S001,KOTTA0002,,,Kotex Tampons Regular 12x16s,5029053534800,,,,16,EXEMPT,CASE,Kotex,PACKS,12,,,,,,,,,
S001,KOTTA0003,,,Kotex Tampons Mini 12x16s,5029053534794,,,,16,EXEMPT,CASE,Kotex,PACKS,12,,,,,,,,,
S001,KOTTA0008,,,Kotex Tampons Super 12x16s (Singles),5029053534817,,,,16,EXEMPT,PIECE,Kotex,PCS,1,,,,,,,,,
S001,KURWP0002,,,Kuraflex Wipes Blue,4905429240104,,,,16,TAXABLE,CASE,Kuraflex,PACKS,48,,,,,,,,,
S001,LUXBA0001,,,Lux Bar Soft Touch Pw Ui 2N1 85G,6221155041593,,,,16,TAXABLE,BAR,Lux,BAR,1,,,,,,,,,
S001,LUXBA0002,,,Lux Bar Magical Beauty Pwui 2N1 85G,6221155041623,,,,16,TAXABLE,BAR,Lux,BAR,1,,,,,,,,,
S001,LUXBA0003,,,Lux Bar Creamy Perfectionpw 2N1Ui 85G,6221155041722,,,,16,TAXABLE,BAR,Lux,BAR,1,,,,,,,,,
S001,LUXSG0028,,,Lux Shower Gel Magical Beauty 1X250Ml,6221155046611,,,,16,TAXABLE,PIECE,Lux,PCS,1,,,,,,,,,
S001,LUXSG0029,,,Lux Shower Gel Silk Sensation Ui 1X250Ml,6221155046581,,,,16,TAXABLE,PIECE,Lux,PCS,1,,,,,,,,,
S001,LUXSG0030,,,Lux Shower Gel Dream Delight Ui 1X250Ml,6221155046154,,,,16,TAXABLE,PIECE,Lux,PCS,1,,,,,,,,,
S001,LUXSG0031,,,Lux Sg Magical Beuty Fb Ui 1X500Ml,6221155132338,,,,16,TAXABLE,PIECE,Lux,PCS,1,,,,,,,,,
S001,LUXSG0032,,,Lux Shower Gel Silk Sensation Fb Ui 1X500Ml,6221155132321,,,,16,TAXABLE,PIECE,Lux,PCS,1,,,,,,,,,
S001,LUXSG0033,,,Lux Shower Gel Soft Touch 1X500Ml,6221155132314,,,,16,TAXABLE,PIECE,Lux,PCS,1,,,,,,,,,
S001,LUXSG0034,,,Lux Shower Gel Dream Delight Llf Ui 1X500Ml,6221155132284,,,,16,TAXABLE,PIECE,Lux,PCS,1,,,,,,,,,
S001,LUXSG0036,,,Lux Sg Soft Touch Ui 1x250Ml,6221155046574,,,,16,TAXABLE,PIECE,Lux,PCS,1,,,,,,,,,
S001,MSWAK0007,,,Miswak Herbal Toothpaste 120+50Gm (Singles),6291069206807,,,,16,TAXABLE,PIECE,Miswak,PCS,1,,,,,,,,,
S001,MSWAK0008,,,Miswak Herbal Toothpaste 50+10Gm,6291069206708,,,,16,TAXABLE,PIECE,Miswak,PCS,1,,,,,,,,,
S001,MSWAK0009,,,Miswak Gold Herbal Toothpaste 50Gm+25Gm,6224007940648,,,,16,TAXABLE,PIECE,Miswak,PCS,1,,,,,,,,,
S001,MSWAK0010,,,Miswak Gold Herbal Toothpaste 120+50Gm,6224007940655,,,,16,TAXABLE,PIECE,Miswak,PCS,1,,,,,,,,,
S001,MSWAK0011,,,Miswak Mouth Wash Germ Kill 250ml,6291069710670,,,,16,TAXABLE,PIECE,Miswak,PCS,1,,,,,,,,,
S001,MSWAK0012,,,Miswak Mouth Wash Mint Fresh 250ml,6291069710687,,,,16,TAXABLE,PIECE,Miswak,PCS,1,,,,,,,,,
S001,ORSOL0003,,,Ors Olive Oil Sheen Spray 250Ml,632169110476,,,,16,TAXABLE,PIECE,Ors,PCS,1,,,,,,,,,
S001,ORSOL0004,,,Ors Olive Oil Sheen Spray 450Ml,632169110308,,,,16,TAXABLE,PIECE,Ors,PCS,1,,,,,,,,,
S001,ORSOL0006,,,Ors Hair Mayonnaise 454G,632169110216,,,,16,TAXABLE,PIECE,Ors,PCS,1,,,,,,,,,
S001,ORSOL0007,,,Ors Glossing Hair Serum 187Ml ( Singles),6224007940365,,,,16,TAXABLE,PIECE,Ors,PCS,1,,,,,,,,,
S001,ORSOL0009,,,Ors Black Castor Oil Sheen Spray 80Ml,6223012450050,,,,16,TAXABLE,PIECE,Ors,PCS,1,,,,,,,,,
S001,ORSOL0010,,,Ors Argan Oil Sheen Spray 80Ml,6223012450081,,,,16,TAXABLE,PIECE,Ors,PCS,1,,,,,,,,,
S001,ORSOL0011,,,Ors Coconut Sheen Spray 80Ml,6223012450074,,,,16,TAXABLE,PIECE,Ors,PCS,1,,,,,,,,,
S001,ORSOL0012,,,Ors Jojoba Oil Sheen Spray 80Ml,6223012450067,,,,16,TAXABLE,PIECE,Ors,PCS,1,,,,,,,,,
S001,ORSOL0013,,,Ors Olive Oil Sheen Spray 80Ml,6291069732474,,,,16,TAXABLE,PIECE,Ors,PCS,1,,,,,,,,,
S001,ORSOL0019,,,Ors Super Nourishing Daily Curl Creme 227g,632169121984,,,,16,TAXABLE,PIECE,Ors,PCS,1,,,,,,,,,
S001,ORSOL0020,,,Ors Olive Oil Replenish Conditioner 500ml,632169111084,,,,16,TAXABLE,PIECE,Ors,PCS,1,,,,,,,,,
S001,ORSOL0021,,,Ors Olive Oil Heat Protect. Serum 177ml/6Oz,632169111633,,,,16,TAXABLE,PIECE,Ors,PCS,1,,,,,,,,,
S001,ORSOL0022,,,Ors Super Soft Style Curl Defining Mousse 207ml (Singles),632169210213,,,,16,TAXABLE,PIECE,Ors,PCS,1,,,,,,,,,
S001,ORSOL0023,,,Ors Olive Oil Wrap Set Mousse 207Ml/7Oz,632169111077,,,,16,TAXABLE,PIECE,Ors,PCS,1,,,,,,,,,
S001,ORSOL0024,,,Ors Glossing Hair Serum Max Moisture 187Ml,6224007940365,,,,16,TAXABLE,PIECE,Ors,PCS,1,,,,,,,,,
S001,ORSOL0026,,,Ors Super Silkening Leave-In Conditioner 473m,632169210206,,,,16,TAXABLE,PIECE,Ors,PCS,1,,,,,,,,,
S001,ORSOL0027,,,Ors Super Softening Deep Treat. Conditioner 567g,632169210176,,,,16,TAXABLE,PIECE,Ors,PCS,1,,,,,,,,,
S001,ORSOL0028,,,Ors Olive Oil No-Lye Relaxer Normal Kit (Singles),632169110988,,,,16,TAXABLE,PIECE,Ors,PCS,1,,,,,,,,,
S001,ORSOL0029,,,Ors Olive Oil No-Lye Relaxer Extra Strength Kit (Singles),632169110995,,,,16,TAXABLE,PIECE,Ors,PCS,1,,,,,,,,,
S001,ORSOL0030,,,Ors Hair Mayonnaise 227G (Singles),632169110186,,,,16,TAXABLE,PIECE,Ors,PCS,1,,,,,,,,,
S001,ORSOL0031,,,Ors Olive Oil Curl Activator Gel 140+30Ml (Singles),6224007940754,,,,16,TAXABLE,PIECE,Ors,PCS,1,,,,,,,,,
S001,ORSOL0032,,,Ors Glossing Hair Serum 150+37Ml (Singles),6224007940365,,,,16,TAXABLE,PIECE,Ors,PCS,1,,,,,,,,,
S001,ORSOL0033,,,Ors Olive Oil Wrap Set Mousse 207Ml (Singles),632169111077,,,,16,TAXABLE,PIECE,Ors,PCS,1,,,,,,,,,
S001,ORSOL0035,,,Ors Black Castor Hair Oil 100Ml (Singles),6009880213238,,,,16,TAXABLE,PIECE,Ors,PCS,1,,,,,,,,,
S001,ORSOL0041,,,Ors Olive Oil No-Lye Relaxer Normal Strength 2 Touch-up Kit,6223012450449,,,,16,TAXABLE,PIECE,Ors,PCS,1,,,,,,,,,
S001,ORSOL0042,,,Ors Max Moisture Super Nourishing Daily Curl Cream 227g,632169121984,,,,16,TAXABLE,PIECE,Ors,PCS,1,,,,,,,,,
S001,ORSOL0043,,,Ors Max Moisture Super Softening Deep Treatment Conditioner 567g,632169210176,,,,16,TAXABLE,PIECE,Ors,PCS,1,,,,,,,,,
S001,ORSOL0044,,,Ors Max Moisture Super Silkening Leave-In Conditioner 473ml,632169210206,,,,16,TAXABLE,PIECE,Ors,PCS,1,,,,,,,,,
S001,ORSOL0045,,,Ors 2 Touch-up No-Lye Relaxer Kit + Ors Coconut Sheen Spray 80Ml,6223012450449,,,,16,TAXABLE,PIECE,Ors,PCS,1,,,,,,,,,
S001,REXDS0008,,,Rexona Deo Spray Stress Control 200Ml,8710447214268,,,,16,TAXABLE,PIECE,Rexona,PCS,1,,,,,,,,,
S001,REXDS0009,,,Rexona Deo Spray Invisible Black & White 200Ml,8710847904868,,,,16,TAXABLE,PIECE,Rexona,PCS,1,,,,,,,,,
S001,REXDS0010,,,Rexona Deo Spray Men Active Protection 200Ml,8710447301029,,,,16,TAXABLE,PIECE,Rexona,PCS,1,,,,,,,,,
S001,REXDS0011,,,Rexona Deo Spray Invisible Pure 200Ml,8717644086605,,,,16,TAXABLE,PIECE,Rexona,PCS,1,,,,,,,,,
S001,REXDS0012,,,Rexona Deo Spray Invisible Ice Fresh 200Ml,8710447493885,,,,16,TAXABLE,PIECE,Rexona,PCS,1,,,,,,,,,
S001,REXDS0013,,,Rexona Deo Spray Sport Defence 200Ml,8717644891551,,,,16,TAXABLE,PIECE,Rexona,PCS,1,,,,,,,,,
S001,REXDS0014,,,Rexona Deo Spray Invisible Aqua 200Ml,8710447492192,,,,16,TAXABLE,PIECE,Rexona,PCS,1,,,,,,,,,
S001,REXDS0015,,,Rexona Deo Spray Men V8 200Ml,7791293039060,,,,16,TAXABLE,PIECE,Rexona,PCS,1,,,,,,,,,
S001,REXDS0016,,,Rexona Deo Spray Shower Fresh 200Ml,8710447492215,,,,16,TAXABLE,PIECE,Rexona,PCS,1,,,,,,,,,
S001,REXDS0017,,,Rexona Deo Spray Aloe Vera 200Ml,8717163340455,,,,16,TAXABLE,PIECE,Rexona,PCS,1,,,,,,,,,
S001,REXDS0018,,,Rexona Deo Spray Biorythym 200Ml,8717644061725,,,,16,TAXABLE,PIECE,Rexona,PCS,1,,,,,,,,,
S001,REXDS0019,,,Rexona Deo Spray Tropical 200Ml,8710447492222,,,,16,TAXABLE,PIECE,Rexona,PCS,1,,,,,,,,,
S001,REXDS0020,,,Rexona Deo Spray Pink Blush 200Ml,8710447211250,,,,16,TAXABLE,PIECE,Rexona,PCS,1,,,,,,,,,
S001,REXDS0021,,,Rexona Deo Spray Cotton Dry Algodon 200Ml,8710447492185,,,,16,TAXABLE,PIECE,Rexona,PCS,1,,,,,,,,,
S001,REXDS0022,,,Rexona Deo Spray Men Xtra Cool 200Ml,4600104039645,,,,16,TAXABLE,PIECE,Rexona,PCS,1,,,,,,,,,
S001,REXDS0023,,,Rexona Deo Spray Men Sport Cool 200Ml,8710447493892,,,,16,TAXABLE,PIECE,Rexona,PCS,1,,,,,,,,,
S001,SIFSE0001,,,Sifa Servt. 1ply 18 x 100 shts White,6161101891967,,,,16,TAXABLE,CASE,Sifa,PCS,18,,,,,,,,,
S001,SIFSE0008,,,Sifa Servt. 1ply 18 x 100 shts Pink,6161101830027,,,,16,TAXABLE,CASE,Sifa,PCS,18,,,,,,,,,
S001,SIFTP0006,,,Sifa TP Decaroll White Consumer,6161101891455,,,,16,TAXABLE,CASE,Sifa,PCS,12,,,,,,,,,
S001,SIFTP0008,,,Sifa TP Emb. Unwrap 4x10s+2 White Promo,6161101890298,,,,16,TAXABLE,CASE,Sifa,PACKS,4,,,,,,,,,
S001,SIFTP0009,,,Sifa TP Emb. Unwrap. 4x10s White,6161101890298,,,,16,TAXABLE,CASE,Sifa,PACKS,4,,,,,,,,,
S001,SIFTP0011,,,Sifa TP Emb. WRAP. 4x10s White,6161101890298,,,,16,TAXABLE,CASE,Sifa,PACKS,4,,,,,,,,,
S001,SIFTP0012,,,Sifa TP Emb. Unwrap 12 x 4s white,6161101891110,,,,16,TAXABLE,CASE,Sifa,PACKS,12,,,,,,,,,
S001,SIFTP0013,,,Sifa TP Emb. Unwrap. 6x8s White,6161101890236,,,,16,TAXABLE,CASE,Sifa,PACKS,6,,,,,,,,,
S001,SIFTP0014,,,Sifa TP Emb. Wrap. 40s Singles White,6161101890427,,,,16,TAXABLE,CASE,Sifa,PCS,40,,,,,,,,,
S001,SIFTP0015,,,Sifa TP Emb. Unwrap. Twinpack 20x2s White,6161101890533,,,,16,TAXABLE,CASE,Sifa,PACKS,20,,,,,,,,,
S001,SIFTP0017,,,Sifa TP Emb. Unwrap. 4x10s White + Free Airtime,6161101890298,,,,16,TAXABLE,CASE,Sifa,PACKS,4,,,,,,,,,
S001,SIFTP0018,,,Sifa TP Emb. WRAP. 4x10s White + Free Airtime,6161101890298,,,,16,TAXABLE,CASE,Sifa,PACKS,4,,,,,,,,,
S001,SIFTP0020,,,Sifa TP Emb. Wrap 40s Singles White PROFESSIONAL,6161101890427,,,,16,TAXABLE,CASE,Sifa,PCS,40,,,,,,,,,
S001,SIFTP0023,,,Sifa TP Emb. Wrap. 4x10s White 100 Sheets,6161101890298,,,,16,TAXABLE,CASE,Sifa,PACKS,4,,,,,,,,,
S001,SIFTP0025,,,Sifa TP Emb. Wrap. 40s Singles White 100 Sheets,6161101890427,,,,16,TAXABLE,CASE,Sifa,PCS,40,,,,,,,,,
S001,SIFTP0043,,,Sifa TP Emb. Unwrap. 4x15s White,6161101892551,,,,16,TAXABLE,CASE,Sifa,PACKS,4,,,,,,,,,
S001,SIFTP0044,,,Sifa TP Emb. Wrap 40s Singles Prof ( Pyramid Emb.),6161101890427,,,,16,TAXABLE,CASE,Sifa,PCS,40,,,,,,,,,
S001,SIFTP0045,,,Sifa TP Emb. Unwrap 4x10s Prof ( Pyramid Emb.),6161101890298,,,,16,TAXABLE,CASE,Sifa,PACKS,4,,,,,,,,,
S001,TISTP0001,,,Tishu Poa TP Emb. WRAP 4x10s White,6161101891295,,,,16,TAXABLE,CASE,Tishu Poa,PACKS,4,,,,,,,,,
S001,TISTP0004,,,Tishu Poa TP Decaroll White Consumer,6161101892230,,,,16,TAXABLE,CASE,Tishu Poa,PACKS,12,,,,,,,,,
S001,TISTP0005,,,Tishu Poa TP Emb. Wrap. 40s Singles White,6161101830034,,,,16,TAXABLE,CASE,Tishu Poa,PCS,40,,,,,,,,,
S001,TISTP0007,,,Tishu Poa TP Emb. Wrap 4x10s White 100 Sheets,6161101830034,,,,16,TAXABLE,CASE,Tishu Poa,PACKS,4,,,,,,,,,
S001,ULTBL0001,,,Ultra Clean Bleach 5L,6161101891066,,,,16,TAXABLE,PIECE,Ultra Clean,PCS,1,,,,,,,,,
S001,ULTBL0003,,,Ultra Clean Bleach 12x500ml,6161101891028,,,,16,TAXABLE,CASE,Ultra Clean,PCS,12,,,,,,,,,
S001,ULTBL0004,,,Ultra Clean Bleach 6x1L,6161101891042,,,,16,TAXABLE,CASE,Ultra Clean,PCS,6,,,,,,,,,
S001,ULTBL0008,,,Ultra Clean Bleach 12 x 70ML,6161101892001,,,,16,TAXABLE,CASE,Ultra Clean,PCS,12,,,,,,,,,
S001,ULTSC0001,,,Ultra Standard 12 x 12 x 1s,6161101891493,,,,16,TAXABLE,CASE,Ultra Clean,PACKS,24,,,,,,,,,
S001,ULTSC0002,,,Ultra Standard 36 x 4s,6161101891509,,,,16,TAXABLE,CASE,Ultra Clean,PACKS,36,,,,,,,,,
S001,ULTSC0003,,,Ultra Standard 12 x 12s,6161101891516,,,,16,TAXABLE,CASE,Ultra Clean,PACKS,12,,,,,,,,,
S001,ULTSC0004,,,Ultra Standard GIANT 72 x 1s Pack,6161101891523,,,,16,TAXABLE,CASE,Ultra Clean,PACKS,72,,,,,,,,,
S001,ULTSC0005,,,Ultra All Purpose Cleaner 72 x 1s,6161101891721,,,,16,TAXABLE,CASE,Ultra Clean,PACKS,72,,,,,,,,,
S001,ULTSC0006,,,Ultra Bathroom Cleaner 72 x 1s,6161101891707,,,,16,TAXABLE,CASE,Ultra Clean,PACKS,72,,,,,,,,,
S001,ULTSC0007,,,Ultra Kitchen Cleaner 72 x 1s,6161101891684,,,,16,TAXABLE,CASE,Ultra Clean,PACKS,72,,,,,,,,,
S001,ULTSC0008,,,Ultra All Purpose Cleaner 18 x 4s,6161101891738,,,,16,TAXABLE,CASE,Ultra Clean,PACKS,18,,,,,,,,,
S001,ULTSC0010,,,Ultra Kitchen Cleaner 18 x 4s,6161101891691,,,,16,TAXABLE,CASE,Ultra Clean,PACKS,60,,,,,,,,,
S001,ULTSP0001,,,Ultra Sponge Cloth 1 pack (60 x 1s),6161101891608,,,,16,TAXABLE,CASE,Ultra Clean,PACKS,20,,,,,,,,,
S001,ULTSP0002,,,Ultra Sponge Cloth 3 pack (20 x 3s),6161101891615,,,,16,TAXABLE,CASE,Ultra Clean,PACKS,12,,,,,,,,,
S001,ULTSP0003,,,Ultra Sponge Cloth 5 pack (12 x 5s),6161101891813,,,,16,TAXABLE,CASE,Ultra Clean,PACKS,12,,,,,,,,,
S001,ULTSP0004,,,Ultra Sponge Cloth - YELLOW 5*12,6161101891813,,,,16,TAXABLE,CASE,Ultra Clean,PACKS,12,,,,,,,,,
S001,ULTSP0005,,,Ultra Sponge Cloth - BLUE 5*12,6161101891813,,,,16,TAXABLE,CASE,Ultra Clean,PACKS,12,,,,,,,,,
S001,ULTSP0006,,,Ultra Sponge Cloth - RED 5*12,6161101891813,,,,16,TAXABLE,CASE,Ultra Clean,PACKS,12,,,,,,,,,
S001,ULTSP0007,,,Ultra Sponge Cloth - GREEN 5*12,6161101891813,,,,16,TAXABLE,CASE,Ultra Clean,PACKS,12,,,,,,,,,
S001,ULTSP0008,,,Ultra Sponge Cloth - ORANGE 5*12,6161101891813,,,,16,TAXABLE,CASE,Ultra Clean,PACKS,12,,,,,,,,,
S001,ULTSP0010,,,Ultra Sponge Cloth - YELLOW (60 x 1s),6161101891608,,,,16,TAXABLE,CASE,Ultra Clean,PACKS,60,,,,,,,,,
S001,ULTSP0011,,,Ultra Sponge Cloth - GREEN (60 x 1s),6161101891608,,,,16,TAXABLE,CASE,Ultra Clean,PACKS,60,,,,,,,,,
S001,ULTSP0012,,,Ultra Sponge Cloth - BLUE (60 x 1s),6161101891608,,,,16,TAXABLE,CASE,Ultra Clean,PACKS,60,,,,,,,,,
S001,ULTSP0013,,,Ultra Sponge Cloth - RED (60 x 1s),6161101891608,,,,16,TAXABLE,CASE,Ultra Clean,PACKS,60,,,,,,,,,
S001,VATBB0001,,,Vatika Baby Olive Shampoo 200Ml (Singles),6291069712179,,,,16,TAXABLE,PIECE,Vatika,PCS,1,,,,,,,,,
S001,VATBB0002,,,Vatika Baby Olive Msg Oil 100Ml (Singles),6291069651058,,,,16,TAXABLE,PIECE,Vatika,PCS,1,,,,,,,,,
S001,VATBB0003,,,Vatika Baby Olive Moist Lotion 100Ml (Singles),6291069651058,,,,16,TAXABLE,PIECE,Vatika,PCS,1,,,,,,,,,
S001,VATBB0004,,,Vatika Baby Olive Shampoo 200Ml Promo (Msg Oil 100 ml & Lotion 100 ml),6291069712179,,,,16,TAXABLE,PIECE,Vatika,PCS,1,,,,,,,,,
S001,VATCN0014,,,Vatika Conditioner Hair Fall Control Cactus & Gergir 190 Ml (Singles),6224000851545,,,,16,TAXABLE,PIECE,Vatika,PCS,1,,,,,,,,,
S001,VATCN0015,,,Vatika Conditioner Hair Fall Control Cactus & Gergir 400Ml (Singles),6224000851552,,,,16,TAXABLE,PIECE,Vatika,PCS,1,,,,,,,,,
S001,VATCN0016,,,Vatika Conditioner Repair & Restore Honey & Egg 400Ml (Singles),6224007940877,,,,16,TAXABLE,PIECE,Vatika,PCS,1,,,,,,,,,
S001,VATCN0017,,,Vatika Conditioner Henna 400Ml (Singles),6224009740860,,,,16,TAXABLE,PIECE,Vatika,PCS,1,,,,,,,,,
S001,VATCN0018,,,Vatika Conditioner Natural Hair Growth Garlic 400Ml (Singles),6224007939215,,,,16,TAXABLE,PIECE,Vatika,PCS,1,,,,,,,,,
S001,VATCN0019,,,Vatika Conditioner Volume &Thickness Coconut & Castor 200Ml (Singles),6291069701265,,,,16,TAXABLE,PIECE,Vatika,PCS,1,,,,,,,,,
S001,VATCN0020,,,Vatika Conditioner Volume &Thickness Coconut & Castor 400Ml (Singles),6291069701678,,,,16,TAXABLE,PIECE,Vatika,PCS,1,,,,,,,,,
S001,VATCN0021,,,Vatika Conditioner Repair & Restore Honey & Egg 200Ml (Singles),6291069701708,,,,16,TAXABLE,PIECE,Vatika,PCS,1,,,,,,,,,
S001,VATCN0022,,,Vatika Conditioner Nourish & Protect Olive & Henna 400Ml (singles),6224007940860,,,,16,TAXABLE,PIECE,Vatika,PCS,1,,,,,,,,,
S001,VATCN0028,,,Vatika Conditioner Nourish & Protect Olive & Henna 200Ml,62910697016865,,,,16,TAXABLE,PIECE,Vatika,PCS,1,,,,,,,,,
S001,VATCN0029,,,Vatika Conditioner Moroccan Argan 200Ml,6291069706451,,,,16,TAXABLE,PIECE,Vatika,PCS,1,,,,,,,,,
S001,VATCN0031,,,Vatika Conditioner Black Seed 400Ml,6291069706512,,,,16,TAXABLE,PIECE,Vatika,PCS,1,,,,,,,,,
S001,VATCN0032,,,Vatika Conditioner Moisture Treatment Almond & Honey 200Ml,6291069208283,,,,16,TAXABLE,PIECE,Vatika,PCS,1,,,,,,,,,
S001,VATCN0033,,,Vatika Conditioner Moisture Treatment Almond & Honey 400Ml,6291069208290,,,,16,TAXABLE,PIECE,Vatika,PCS,1,,,,,,,,,
S001,VATCN0034,,,Vatika Conditioner Afro Naturals Leave-In Shea Butter and Coconut Oil 250ml,6009880213801,,,,16,TAXABLE,PIECE,Vatika,PCS,1,,,,,,,,,
S001,VATCR0009,,,"Vatika Hair Cream Dandruff Guard Lemon,Tea Tree, & Almond 210Ml",6224000851026,,,,16,TAXABLE,PIECE,Vatika,PCS,1,,,,,,,,,
S001,VATOL0005,,,Vatika Almond Hair Oil 300Ml,6291069651089,,,,16,TAXABLE,PIECE,Vatika,PCS,1,,,,,,,,,
S001,VATOL0006,,,Vatika Cactus Hair Oil 200Ml,6291069651034,,,,16,TAXABLE,PIECE,Vatika,PCS,1,,,,,,,,,
S001,VATOL0007,,,Vatika Cactus Hair Oil 300Ml,6291069651041,,,,16,TAXABLE,PIECE,Vatika,PCS,1,,,,,,,,,
S001,VATOL0008,,,Vatika Olive Hair Oil 200Ml,5022496103534,,,,16,TAXABLE,PIECE,Vatika,PCS,1,,,,,,,,,
S001,VATOL0009,,,Vatika Almond Hair Oil 200Ml,6291069651072,,,,16,TAXABLE,PIECE,Vatika,PCS,1,,,,,,,,,
S001,VATOL0010,,,Vatika Coconut Hair Oil 200Ml,6291069651058,,,,16,TAXABLE,PIECE,Vatika,PCS,1,,,,,,,,,
S001,VATSH0018,,,Vatika Shampoo Nourish & Protect Olive & Henna 360Ml (Singles),6291069652536,,,,16,TAXABLE,PIECE,Vatika,PCS,1,,,,,,,,,
S001,VATSH0020,,,Vatika Shampoo Hair Fall Control Cactus & Gergir 360Ml (Singles),6224000851736,,,,16,TAXABLE,PIECE,Vatika,PCS,1,,,,,,,,,
S001,VATSH0022,,,Vatika Shampoo Hair Strength & Shine Turkish Black Seed 400Ml (Singles),6291069706437,,,,16,TAXABLE,PIECE,Vatika,PCS,1,,,,,,,,,
S001,VATSH0025,,,Vatika Shampoo Moisture Treatment Almond & Honey 180Ml (Singles),6224007939451,,,,16,TAXABLE,PIECE,Vatika,PCS,1,,,,,,,,,
S001,VATSH0026,,,Vatika Shampoo Moisture Treatment Almond & Honey 360Ml (Singles),6224007939468,,,,16,TAXABLE,PIECE,Vatika,PCS,1,,,,,,,,,
S001,VATSH0027,,,Vatika Shampoo Nourishing Protein Egg 200Ml (Singles),6291069712179,,,,16,TAXABLE,PIECE,Vatika,PCS,1,,,,,,,,,
S001,VATSH0028,,,Vatika Shampoo Nourishing Protein Egg 400Ml (Singles),6291069712186,,,,16,TAXABLE,PIECE,Vatika,PCS,1,,,,,,,,,
S001,VATSH0030,,,Vatika Shampoo Strengthening Spanish Olive 200Ml (Singles),6291069712278,,,,16,TAXABLE,PIECE,Vatika,PCS,1,,,,,,,,,
S001,VATSH0031,,,Vatika Shampoo Hair Strength & Shine Black Seed 400Ml (Singles),6224007939178,,,,16,TAXABLE,PIECE,Vatika,PCS,1,,,,,,,,,
S001,VATSH0032,,,Vatika Shampoo Dandruff Guard Lemon & Yoghurt 360Ml (Singles),6291069652017,,,,16,TAXABLE,PIECE,Vatika,PCS,1,,,,,,,,,
S001,VATSH0033,,,Vatika Shampoo Argan 200Ml (Singles),6291069706376,,,,16,TAXABLE,PIECE,Vatika,PCS,1,,,,,,,,,
S001,VATSH0034,,,Vatika Shampoo Strengthen & Nourish 425Ml (Singles),6291069742145,,,,16,TAXABLE,PIECE,Vatika,PCS,1,,,,,,,,,
S001,VATSH0039,,,Vatika Shampoo Nourish & Protect - Olive & Henna 200ml,5022496001946,,,,16,TAXABLE,PIECE,Vatika,PCS,1,,,,,,,,,
S001,VATSH0041,,,Vatika Shampoo Repair & Restore Honey & Egg 400Ml,6291069208238,,,,16,TAXABLE,PIECE,Vatika,PCS,1,,,,,,,,,
S001,VATSH0042,,,Vatika Shampoo Volume & Thickness Coconut & Castor 200Ml,6291069701265,,,,16,TAXABLE,PIECE,Vatika,PCS,1,,,,,,,,,
S001,VATSH0043,,,Vatika Shampoo Volume & Thickness Coconut & Castor 400Ml,6224007939444,,,,16,TAXABLE,PIECE,Vatika,PCS,1,,,,,,,,,
S001,VATSH0044,,,Vatika Shampoo Nourish & Protect Indian Henna 200ml,6291069712148,,,,16,TAXABLE,PIECE,Vatika,PCS,1,,,,,,,,,
S001,VATSH0045,,,Vatika Shampoo Hair Fall Control Cactus & Gergir 400Ml,6291069208252,,,,16,TAXABLE,PIECE,Vatika,PCS,1,,,,,,,,,
S001,VATSH0046,,,Vatika Shampoo Moisture Treatment Almond & Honey 400Ml,6291069208214,,,,16,TAXABLE,PIECE,Vatika,PCS,1,,,,,,,,,
S001,VATSH0048,,,Vatika Shampoo Natural Hair Growth Garlic 400Ml,6224007939215,,,,16,TAXABLE,PIECE,Vatika,PCS,1,,,,,,,,,